uniqueid,lat,lon,speed,bearing
749823138508495,4.641145,-74.094067,36,173
869671070334956,4.575492,-74.098867,34,89
869671075632776,4.566006,-74.155878,55,254
863238070903846,4.61792,-74.020307,24,195
869671075938124,4.644825,-74.053513,19,347
365390137431817,4.597407,-74.037229,29,235
191087483744070,4.686632,-74.055235,40,8
879385987780767,4.639283,-74.10687,37,91
863238070903929,4.606659,-74.080663,51,6
869671070334683,4.592449,-74.141151,22,39
869671075605046,4.584618,-74.135891,23,130
865413057627001,4.646358,-74.109899,29,42
863238070957685,4.599882,-74.05876,35,17
578011048639347,4.539258,-74.065815,42,111
863238073769871,4.593397,-74.037708,16,213
076213242279519,4.647789,-74.076605,56,240
869671074463736,4.558909,-74.053643,20,294
359206435532825,4.557782,-74.154729,51,354
869671075521680,4.614758,-74.012422,60,285
865413056004392,4.614802,-74.02636,21,275
865413055976418,4.631214,-74.011892,32,329
869671075873388,4.665619,-74.13397,53,174
430975607380857,4.645623,-74.138394,17,327
839929100047676,4.627474,-74.075311,33,103
869671075961738,4.645301,-74.027555,63,302
869671074364025,4.581383,-74.04361,45,322
869671074397611,4.587596,-74.12037,23,269
051930209901004,4.566232,-74.08571,37,314
869671077219036,4.576704,-74.124092,31,15
568085899946185,4.630666,-74.071473,28,147
984861303284041,4.544447,-74.070945,44,82
869671075530483,4.599102,-74.148451,62,189
863238070972536,4.598648,-74.060499,18,64
865413055987662,4.6087,-74.146225,33,92
863238073712244,4.597843,-74.157285,33,334
869671074601939,4.579672,-74.024929,45,311
865413056578049,4.597926,-74.121998,53,43
248678807559211,4.672652,-74.087334,33,103
869671077241741,4.680776,-74.011676,29,312
749673198181109,4.610004,-74.061684,31,345
865413056049231,4.629542,-74.102133,59,143
838509128573233,4.548209,-74.025455,30,8
166862661543994,4.580476,-74.127418,60,154
200320317319986,4.596082,-74.083628,51,161
869671075631521,4.668319,-74.071232,28,39
869671075967164,4.569783,-74.068018,18,153
201491152611073,4.606995,-74.158948,32,98
773578203707419,4.6874,-74.101435,31,306
869671073346239,4.612828,-74.079367,46,233
869671074440056,4.627773,-74.088494,20,207
865413056004210,4.549011,-74.030239,19,199
869671074450808,4.661925,-74.046079,54,302
869671077200341,4.6262,-74.012604,19,55
865413055977457,4.616921,-74.125945,35,328
869671075545028,4.584552,-74.136755,26,209
865413057657305,4.578369,-74.129235,41,64
456008518947595,4.596434,-74.05673,47,153
863238073396311,4.638718,-74.121481,30,30
107096693986952,4.669783,-74.055419,41,112
596134979127625,4.611378,-74.052414,24,319
869671073319863,4.6368,-74.148738,29,316
014392863429549,4.62346,-74.043348,22,98
869671073384164,4.629695,-74.111516,21,332
869671075671048,4.63766,-74.126371,41,341
894166688435773,4.664485,-74.12034,37,80
869671074620533,4.543021,-74.018343,37,252
863238070740875,4.651899,-74.064933,23,154
869671075942779,4.568697,-74.057796,35,258
367844629586585,4.560786,-74.12701,38,71
613995170018907,4.621303,-74.104156,32,206
865413057079211,4.545024,-74.032073,32,118
085826809568716,4.671362,-74.107322,63,348
155722886841818,4.63007,-74.031726,20,220
883181557719135,4.645457,-74.129752,34,32
040171425166890,4.532291,-74.04457,57,313
056849811344103,4.624819,-74.14306,53,168
018287564643107,4.618796,-74.030168,22,69
645875198393312,4.555144,-74.054116,56,221
857684185144693,4.554201,-74.008579,20,0
863238070974110,4.640995,-74.157026,20,325
755633796796980,4.580713,-74.140653,21,217
477349786503131,4.640425,-74.157386,25,65
279327009513780,4.618411,-74.15907,62,104
865413054786685,4.591942,-74.026382,40,179
400231650806711,4.677731,-74.060722,34,200
882458639082455,4.664377,-74.058748,38,41
863238070749439,4.586894,-74.10157,22,133
865413055641475,4.536685,-74.153222,46,101
758170527476225,4.578473,-74.09276,23,30
869671075950988,4.59342,-74.136571,37,37
047607949081266,4.642503,-74.012215,27,40
864035050870261,4.688967,-74.021183,19,262
869671075660389,4.586656,-74.113603,28,271
869671075884286,4.651718,-74.158978,59,274
863238070855764,4.624618,-74.158402,64,165
869671075959856,4.640382,-74.077136,38,314
869671075521896,4.55389,-74.030045,16,83
868018077151374,4.59353,-74.106978,17,91
868018076254278,4.568247,-74.056559,62,91
353842121405532,4.584663,-74.024473,56,112
869671074414226,4.611811,-74.059954,27,69
869671077183497,4.63637,-74.160769,62,85
326830650885517,4.546655,-74.073567,29,263
869671075520096,4.550653,-74.133774,47,243
624686442509305,4.581227,-74.03374,21,131
865413056012700,4.63556,-74.09577,57,259
869671077210662,4.665151,-74.091478,29,87
863238070764669,4.618231,-74.113125,25,206
118797044285062,4.666422,-74.125021,45,240
232555838823394,4.591284,-74.136157,17,247
865413057651381,4.580396,-74.096522,25,166
863238070899739,4.586392,-74.075737,17,235
869671075587848,4.557083,-74.0176,40,317
780786853744910,4.662368,-74.097439,29,187
863238077152306,4.583897,-74.110269,44,146
881067939469352,4.618089,-74.030842,49,90
863238077112201,4.622278,-74.050359,44,52
869671077211694,4.613155,-74.143385,15,9
773586879240623,4.53014,-74.048577,38,62
847674752070028,4.687845,-74.009558,25,18
869671070390644,4.674565,-74.082197,22,30
869671075554525,4.562932,-74.083256,55,173
208973584661233,4.576508,-74.045978,23,52
524964121675510,4.612912,-74.129773,46,257
869671072804824,4.674016,-74.103029,53,339
863238073611420,4.687091,-74.111043,63,254
181968007984288,4.570917,-74.002409,29,114
863238070971348,4.620007,-74.135891,17,99
869671075553147,4.658825,-74.133917,26,133
869671073335919,4.592809,-74.088005,30,281
869671075520856,4.646682,-74.11786,18,206
560615753760641,4.555481,-74.022442,54,256
863238077143420,4.625822,-74.091914,51,30
863238070753779,4.668248,-74.052166,45,300
869671075881316,4.687073,-74.030838,51,59
865413056091845,4.542409,-74.118223,21,194
869671075626414,4.598246,-74.044512,56,192
869671075594281,4.562437,-74.097894,33,352
VHY065,4.601812,-74.121027,27,222
869671074455930,4.617352,-74.019333,20,42
869671075901296,4.544642,-74.071344,36,15
869671075642486,4.577208,-74.082337,46,253
878911745881083,4.678123,-74.132854,48,340
869671074616861,4.620751,-74.017488,40,93
779085766934178,4.602896,-74.059695,31,121
869671075960813,4.650274,-74.01013,64,147
863238070750346,4.648408,-74.154658,24,115
515421363805868,4.537483,-74.14309,57,130
869671075618452,4.643102,-74.021373,50,273
157797914113552,4.663989,-74.089468,40,136
812089084496232,4.55626,-74.087034,27,163
863238070834934,4.65467,-74.126025,44,108
869671075629319,4.575556,-74.083602,28,285
869671075904233,4.578745,-74.091586,25,301
959241180537525,4.636152,-74.046413,32,170
865413056604845,4.547533,-74.060072,36,104
869671075659464,4.63609,-74.033912,37,270
865413056037202,4.671767,-74.036454,51,27
222307697823293,4.64112,-74.094307,21,99
865413052783866,4.600162,-74.113513,16,56
869671074435775,4.599824,-74.109463,39,228
865413057087180,4.652125,-74.003359,53,135
739167838803257,4.620213,-74.096273,38,270
293461087905691,4.543295,-74.040875,57,112
869671075658813,4.622937,-74.148511,35,348
910144358573504,4.660085,-74.09302,31,249
869671074578962,4.583641,-74.109131,38,48
869671074414069,4.678122,-74.136116,37,23
590281874475009,4.649825,-74.15793,49,188
869671072480278,4.62156,-74.121438,36,194
245325150596308,4.649973,-74.034819,23,44
937841410087972,4.542374,-74.114151,29,189
803338982554324,4.667212,-74.022067,54,124
869671075931244,4.661151,-74.069134,36,199
869671075905057,4.675289,-74.032992,24,188
869671075880078,4.550291,-74.001852,57,288
376763504017103,4.542795,-74.05926,62,349
865413056562035,4.551856,-74.107209,64,113
379826444972450,4.593611,-74.112146,19,154
167851515029580,4.597599,-74.00612,24,171
869671075951358,4.619665,-74.047419,49,292
092388590584445,4.549269,-74.08135,35,345
811701548238726,4.561934,-74.127498,25,260
869671074448240,4.659573,-74.083367,54,184
869671075662641,4.604588,-74.039808,17,137
680670699740020,4.65898,-74.005795,37,276
791432360936072,4.530898,-74.0541,64,301
929186115799053,4.617965,-74.157808,59,40
863238070834025,4.678819,-74.087322,64,95
869671074629047,4.622858,-74.029322,53,16
558200965956180,4.562685,-74.080067,41,75
678958200262657,4.644551,-74.106693,37,289
376689825984491,4.590348,-74.023973,64,72
863238073591507,4.636651,-74.069335,57,357
972627151512351,4.534401,-74.081047,23,342
179522443910565,4.631454,-74.083944,18,128
869671076019114,4.534862,-74.052711,61,215
436354343971060,4.648875,-74.088905,23,290
979705929397660,4.605376,-74.071011,23,7
052125280105653,4.549191,-74.115588,28,236
863238070838240,4.616532,-74.134252,28,171
863238070750221,4.540394,-74.030541,60,259
863238070727484,4.634248,-74.110678,57,38
865413057195553,4.689084,-74.141644,53,60
869671075588614,4.652814,-74.132268,41,179
838804817256533,4.621514,-74.095724,33,149
869671075532414,4.546132,-74.116082,45,212
869671075636561,4.641683,-74.050537,60,175
869671073373233,4.635497,-74.105766,16,117
869671075967792,4.537566,-74.068014,22,57
869671075647642,4.656478,-74.135012,20,201
869671073374421,4.612705,-74.139896,64,119
863238070836905,4.597849,-74.01674,53,284
869671074381300,4.65582,-74.023416,27,138
869671074515196,4.595561,-74.018113,34,143
863238073772768,4.606674,-74.082801,41,252
863238073691174,4.558771,-74.15048,58,38
170634012245627,4.581121,-74.11212,25,112
869671072773839,4.664995,-74.020726,33,11
760672001961172,4.559615,-74.094149,16,270
869671075940971,4.596477,-74.109451,15,179
869671075660959,4.687956,-74.11447,21,207
864117570619863,4.567566,-74.073839,59,285
869671073322917,4.676403,-74.089386,37,128
657651763921281,4.676654,-74.101768,52,47
863238070831872,4.544317,-74.094063,35,232
290259222393648,4.603894,-74.119084,45,64
869671077243481,4.610065,-74.131058,38,33
023219042368240,4.579897,-74.129454,64,238
863238070919479,4.537284,-74.155615,38,44
716777520161439,4.56838,-74.010453,34,65
742014260020676,4.544995,-74.008709,52,275
869671070334477,4.56783,-74.145288,47,32
865413057080029,4.658957,-74.14994,29,317
524991985182150,4.672907,-74.095147,27,302
869671070334014,4.536626,-74.039519,56,64
847312021160193,4.578021,-74.029584,38,137
869671073312058,4.686603,-74.158328,16,337
869671075564300,4.616031,-74.116422,60,26
869671075574713,4.629919,-74.076101,30,145
045264241173078,4.530597,-74.140135,21,137
804733798478156,4.607296,-74.006552,58,231
869671075623205,4.687843,-74.121543,31,337
865413056037251,4.58974,-74.07673,22,287
869671073359018,4.545236,-74.144205,15,67
134909909878820,4.603615,-74.107525,48,276
869671075536746,4.683791,-74.142052,15,14
865413055796436,4.584403,-74.015855,40,94
869671074365790,4.657538,-74.009772,64,345
865413055652415,4.657525,-74.075139,56,65
560214374865433,4.56303,-74.105774,34,340
865413056593147,4.600649,-74.109991,38,111
865413055977580,4.644206,-74.013961,32,308
869671072787961,4.595393,-74.062656,18,29
865413053514450,4.560271,-74.096215,57,262
225943487435448,4.684509,-74.038302,61,357
869671074387059,4.63383,-74.076104,32,99
869671074584986,4.668184,-74.126874,61,234
865413052217501,4.533749,-74.123591,59,177
869671074543719,4.572415,-74.117717,16,312
865413056544637,4.610041,-74.159189,45,62
865413056159246,4.540502,-74.12082,32,84
865413054827745,4.688595,-74.063937,31,97
865413056011074,4.567544,-74.041208,64,131
869671073378174,4.589597,-74.143601,41,334
864035051964931,4.563952,-74.006191,44,285
865413056574162,4.546581,-74.08355,26,70
863238070983269,4.566907,-74.151791,23,274
869671075641553,4.577808,-74.011354,62,322
869671074629351,4.631221,-74.118282,27,91
864035051830280,4.574708,-74.112196,58,170
865413055219363,4.587674,-74.088255,20,303
869671075659167,4.530661,-74.10985,36,94
869671075931368,4.588225,-74.133322,15,21
865413055531585,4.615132,-74.141409,36,156
869671072797085,4.555633,-74.0802,63,276
869671074646710,4.625299,-74.150465,25,265
865413055203524,4.576614,-74.048177,15,228
869671075960128,4.630838,-74.107048,23,61
865413056128472,4.533901,-74.00293,55,94
863238070913860,4.671725,-74.151693,34,115
865413053345350,4.532289,-74.153979,63,177
865413054850010,4.550023,-74.121461,64,102
868307060143344,4.654056,-74.105492,27,238
865413053503909,4.537053,-74.031631,24,183
869671075670016,4.64347,-74.029002,58,114
672494970440543,4.685077,-74.045976,63,51
864035050768952,4.669179,-74.029634,22,174
865413055987688,4.643336,-74.045215,64,303
868307060181567,4.683072,-74.022069,55,177
869671075543296,4.59848,-74.087428,38,69
868307060143526,4.669371,-74.11752,47,193
869671075644599,4.586663,-74.061037,53,328
869671075952885,4.678472,-74.103419,38,190
869671077107587,4.553514,-74.150927,54,268
869671075952927,4.680115,-74.024816,34,261
869671075646792,4.662945,-74.028295,58,105
869671077384806,4.665079,-74.08234,22,220
869671075629863,4.549538,-74.087187,60,36
869671075597805,4.625148,-74.142731,45,335
133895509087089,4.532333,-74.141606,26,195
869671075606986,4.645099,-74.034109,63,240
814541320039547,4.530948,-74.025108,61,328
869671075878734,4.543282,-74.160841,26,18
093715175673715,4.56579,-74.036326,33,140
590328116740219,4.66973,-74.075995,54,144
585345143330258,4.587882,-74.091774,64,304
869671075605129,4.616104,-74.085671,36,194
202417107819791,4.620607,-74.047662,46,135
678513636478995,4.565784,-74.161368,43,164
890916147726103,4.621253,-74.151719,27,51
874721139926079,4.635462,-74.027136,38,128
099375193842562,4.577429,-74.002126,45,175
039547825026821,4.59669,-74.123096,43,321
897872219845060,4.602204,-74.097731,21,0
869671075629913,4.678886,-74.049438,25,276
869671075618585,4.623709,-74.055385,36,276
869671073377507,4.68143,-74.036353,20,343
863238070991684,4.618676,-74.015491,51,20
648796232912890,4.6098,-74.119499,23,168
869671077184578,4.530275,-74.077418,62,333
863238070991585,4.606652,-74.139271,63,206
869671075934982,4.678103,-74.0065,29,76
869671075650141,4.561449,-74.040566,61,210
869671070450760,4.538045,-74.131774,60,225
598337731277160,4.594795,-74.043373,57,228
869671073386516,4.589293,-74.033937,20,309
869671077108031,4.666854,-74.139918,29,218
865413057032129,4.533968,-74.081873,60,210
869671075943074,4.676934,-74.030112,48,70
013086469899243,4.638654,-74.106203,59,146
869671075632792,4.674386,-74.153674,38,121
798153664371708,4.626915,-74.106697,43,77
869671077347472,4.659623,-74.036633,61,249
869671073321760,4.583397,-74.145686,48,116
869671070292337,4.585641,-74.11211,20,204
865413057651738,4.59209,-74.025177,57,268
869671070335474,4.650478,-74.13584,31,65
869671070231079,4.588797,-74.099566,55,98
869671070355860,4.568465,-74.07308,46,311
865413057597238,4.679737,-74.13328,46,45
816097986334977,4.674992,-74.049645,26,83
485574993275484,4.585518,-74.036741,60,57
581396065658972,4.631252,-74.060217,39,182
865413057597204,4.573525,-74.023861,46,298
869671075948891,4.562688,-74.140838,30,161
869671075622405,4.583524,-74.161223,30,125
039420306907978,4.582046,-74.11904,30,51
863238070788239,4.670874,-74.027344,44,242
764758221467243,4.661279,-74.141434,52,201
102010886694633,4.64325,-74.039535,49,10
869671075663169,4.683205,-74.013062,35,69
863238071005138,4.597317,-74.072026,46,5
863238070755923,4.568915,-74.020464,47,354
869671075637817,4.548494,-74.122053,63,288
863238073694079,4.577879,-74.046099,49,283
863238073470546,4.552952,-74.036929,60,175
329370525245057,4.54446,-74.083751,37,352
869671075656213,4.626179,-74.06531,56,135
869671075590933,4.58798,-74.147527,25,28
869671075671410,4.620041,-74.117536,52,79
869671073346338,4.560324,-74.149463,16,60
483920196785153,4.638015,-74.123439,24,330
863238070890498,4.564191,-74.018939,63,95
061120864250792,4.574194,-74.156815,43,37
865413055242324,4.648392,-74.082257,16,96
863238070775509,4.619268,-74.078123,15,103
044316633803018,4.583284,-74.116026,54,343
869671075565497,4.616588,-74.03669,60,243
865413053516257,4.640748,-74.067423,51,158
118820001319201,4.675651,-74.130511,19,240
865413053517099,4.622624,-74.08636,22,300
729991110967924,4.56694,-74.158011,58,154
869671070341266,4.649182,-74.158885,63,15
869671070231020,4.654153,-74.044168,16,249
869671077385423,4.561774,-74.134188,46,235
271830259850297,4.661002,-74.006793,57,305
911878971642118,4.6041,-74.104436,20,141
869671077384889,4.654473,-74.049955,63,307
865413057269556,4.567707,-74.087754,37,132
869671070314396,4.582923,-74.096236,23,100
869671073380709,4.682302,-74.05488,15,15
869671077086658,4.63496,-74.061581,37,188
869671077389631,4.65337,-74.021452,49,188
869671077320164,4.63985,-74.148243,41,275
869671077034419,4.562399,-74.080701,61,321
869671073343178,4.60502,-74.06452,17,12
869671072475252,4.659144,-74.057774,42,83
869671070289721,4.637716,-74.061673,52,34
869671077345047,4.530674,-74.102895,28,323
312636710175955,4.543695,-74.156778,39,33
869671077345187,4.585197,-74.047591,63,83
869671077406476,4.680808,-74.154736,37,137
159281379899292,4.6083,-74.086436,48,64
229026730375920,4.572938,-74.04669,21,157
869671075562239,4.587378,-74.117988,37,59
869671074623578,4.563414,-74.157302,47,2
841901368746659,4.597102,-74.146915,42,14
662023029782134,4.564596,-74.139493,34,169
869671075650729,4.66503,-74.055334,51,126
726817872956842,4.602713,-74.057185,16,46
863238070872769,4.574478,-74.005206,45,238
337961368171689,4.678973,-74.10993,49,256
735992536270226,4.580006,-74.140731,38,184
609922419412218,4.675264,-74.134145,63,13
869671074385244,4.536657,-74.156604,18,284
340823465715328,4.642848,-74.029929,19,340
869671077340907,4.607132,-74.149565,31,59
865413053308226,4.600785,-74.018764,38,56
869671075523736,4.535522,-74.154,24,90
869671076011434,4.536219,-74.03162,28,149
863238073548812,4.582951,-74.130429,31,202
869671075600302,4.681249,-74.158057,33,228
863238070764362,4.628536,-74.049503,39,274
869671073336370,4.58873,-74.161326,57,18
865413057597592,4.627626,-74.114123,27,134
869671075916211,4.562691,-74.152615,23,188
237096412369012,4.556121,-74.142331,19,117
100517980684379,4.587601,-74.141684,56,49
277200926490352,4.667847,-74.04604,31,71
869671077132312,4.611214,-74.006205,17,256
869671075520641,4.577214,-74.122616,26,322
869671075911212,4.68175,-74.097925,56,146
863238070787421,4.660265,-74.101848,60,177
869671074372473,4.581386,-74.120662,58,128
230997657293550,4.685246,-74.047717,34,86
113764137314543,4.687686,-74.11834,52,282
087538296765287,4.595096,-74.079444,36,24
869671075623908,4.634658,-74.14099,56,190
869671077425831,4.594615,-74.026076,29,356
707158156464507,4.570886,-74.05177,54,68
902942692131883,4.542934,-74.075549,21,307
869671077042636,4.571888,-74.063496,19,232
869671075662591,4.573147,-74.125851,15,339
537195277896833,4.593492,-74.026701,30,81
869671075553709,4.559292,-74.142165,24,7
869671075552776,4.682321,-74.020766,54,38
869671075939312,4.546171,-74.063648,15,174
869671074371780,4.629743,-74.011291,49,11
815222520158911,4.600382,-74.115644,28,97
865413057080219,4.597473,-74.012089,48,11
865413057645888,4.589229,-74.059621,61,40
869671073670323,4.66864,-74.160152,58,281
863238070806163,4.574586,-74.145287,30,50
869671072489071,4.533002,-74.066891,60,348
869671077184479,4.676606,-74.146537,25,234
869671077092334,4.668027,-74.04209,36,308
333255014755142,4.574014,-74.054235,40,51
869671077409074,4.613468,-74.131775,22,24
869671073336248,4.547164,-74.059842,60,44
869671077233557,4.544658,-74.071075,22,52
868307060186558,4.663705,-74.122336,21,16
869671077130100,4.595353,-74.04854,53,243
869671075985315,4.635585,-74.121541,54,148
869671077131686,4.680622,-74.023394,16,17
869671075890242,4.568931,-74.098351,43,223
203737685485981,4.531816,-74.082507,39,167
869671077346391,4.533574,-74.055938,33,284
869671075589406,4.643212,-74.020476,51,318
869671075560365,4.677638,-74.088763,62,128
869671077043667,4.604483,-74.056966,30,227
869671077384665,4.589727,-74.066254,18,22
868166051468650,4.616568,-74.150206,40,263
006990647744313,4.667137,-74.060488,15,219
735680393714648,4.634055,-74.154331,42,225
437300330144186,4.566987,-74.080852,39,268
869671077184636,4.653643,-74.144706,47,150
660492751955915,4.551248,-74.064362,20,274
869671075926608,4.5562,-74.046393,36,178
681676579025142,4.627739,-74.036025,38,279
868166050586221,4.567915,-74.067348,19,21
790814264868348,4.642475,-74.003462,35,96
868166050285527,4.585633,-74.104166,62,101
852297148013098,4.574098,-74.159937,61,57
869671075903458,4.689537,-74.030803,61,347
469753878859691,4.536209,-74.089377,40,26
868166051686970,4.633042,-74.074937,57,199
897337926813686,4.535902,-74.026229,59,185
869671077184297,4.651344,-74.119832,43,34
447229590003030,4.566524,-74.10947,56,87
869671075552602,4.544083,-74.146276,32,325
869671075520757,4.633462,-74.052663,44,346
864035050827451,4.646926,-74.127671,63,47
869671075998912,4.638205,-74.025232,49,312
450896193098213,4.538014,-74.064106,34,348
868166051939189,4.576799,-74.015932,47,84
863238070733656,4.601884,-74.151991,20,271
829345654390663,4.575647,-74.003077,16,51
865413053515945,4.659392,-74.098103,35,199
864035051769728,4.550688,-74.074444,37,311
732840578261228,4.627659,-74.058753,33,126
864035051633668,4.687824,-74.084105,49,81
864035050762484,4.674119,-74.077288,29,321
416769112815939,4.565255,-74.095005,62,309
869671075960979,4.529723,-74.131849,46,146
869671074490416,4.686606,-74.006639,39,65
869671077414777,4.670944,-74.033575,49,347
869671074558386,4.676826,-74.066087,30,25
726931534957377,4.596191,-74.152697,62,164
868166051653459,4.648848,-74.018594,25,327
868166051659902,4.563763,-74.149365,26,130
123241430682239,4.592479,-74.036601,61,81
736102958272077,4.665958,-74.152337,33,130
868166050465442,4.550128,-74.039947,62,172
036979072099040,4.672728,-74.026618,26,294
676710742745000,4.609151,-74.08979,51,274
869671075574325,4.597885,-74.073016,40,222
097261678601438,4.578613,-74.027737,63,212
869671074414135,4.676406,-74.00644,54,265
865413054713093,4.61253,-74.158907,30,105
865413055363401,4.658354,-74.140984,20,159
865413053320114,4.666934,-74.023487,50,162
865413054700165,4.677291,-74.053182,51,42
865413052037396,4.578251,-74.118172,17,68
869671075549715,4.58408,-74.09053,31,318
869671072775263,4.624922,-74.143962,64,11
865413056111668,4.600322,-74.157161,24,339
444995587102612,4.678965,-74.044632,52,2
865413054699474,4.59332,-74.045898,26,215
865413056562993,4.606154,-74.050664,61,311
869671072774357,4.62846,-74.020238,18,335
865413056111742,4.594468,-74.115888,32,236
865413057122813,4.688507,-74.093971,32,275
666517798718647,4.545526,-74.121658,48,8
865413052793725,4.565007,-74.061701,46,211
140204094089462,4.581335,-74.059827,36,33
865413055989577,4.553346,-74.096506,61,116
865413054835482,4.575185,-74.012129,39,268
868166051080398,4.654389,-74.083582,60,211
865413054326599,4.613373,-74.014927,47,217
865413054301592,4.535143,-74.044877,28,271
865413056041477,4.68693,-74.011566,63,308
864035051765007,4.628271,-74.040518,48,163
865413055985989,4.53914,-74.125799,62,14
865413057204199,4.635497,-74.051404,18,296
865413056563587,4.590249,-74.1236,38,234
863238070930716,4.551418,-74.115252,55,77
380200991228228,4.619896,-74.126319,40,358
869671077209821,4.646043,-74.08233,63,64
868166050284264,4.63709,-74.092307,38,177
869671073371104,4.569312,-74.016608,35,94
865413056609125,4.613689,-74.066849,50,117
869671075645059,4.615736,-74.104186,46,28
869671075584068,4.644399,-74.062014,39,239
869671070452220,4.587289,-74.107105,57,331
868166051940534,4.657347,-74.027939,32,86
868166051165702,4.630177,-74.147496,30,244
868307060180973,4.535843,-74.126756,30,235
869671072453325,4.617147,-74.146702,48,123
869671075660900,4.667616,-74.023005,26,133
869671073343889,4.620522,-74.118219,60,59
668141889255217,4.557843,-74.002593,59,298
863238073591432,4.61137,-74.137445,45,193
869671070340227,4.650821,-74.109883,52,302
865413057657313,4.547327,-74.018818,33,155
869671077221230,4.660446,-74.060087,52,264
869671070378367,4.556507,-74.082581,59,255
869671070479348,4.615162,-74.135538,24,284
869671070299902,4.591429,-74.035202,54,145
865413057518523,4.56949,-74.108466,63,10
746935901988853,4.633299,-74.041253,50,189
864035051766252,4.535693,-74.068501,36,176
921812689427213,4.651317,-74.063083,40,304
868166050724616,4.614021,-74.109705,55,286
863238077179572,4.669833,-74.149742,23,97
863238074104540,4.613025,-74.066498,39,180
683298289215034,4.535315,-74.04279,39,238
868166051644433,4.552686,-74.06958,23,278
107317417811791,4.657007,-74.065565,33,211
863238071024121,4.608426,-74.050163,49,281
900087565994983,4.600411,-74.154582,40,57
869671070489214,4.58066,-74.12596,24,235
777654440496904,4.575238,-74.063532,30,265
356241224329763,4.684252,-74.140051,24,162
615974711214059,4.598985,-74.118504,20,268
1234567890111,4.67115,-74.154548,23,180
509833008923922,4.633416,-74.127304,57,263
351816236106849,4.667058,-74.159894,15,260
182763230545280,4.666102,-74.030821,17,239
663183526938859,4.68272,-74.067709,64,327
863238077289090,4.641381,-74.074279,50,149
863238070993326,4.658574,-74.160851,46,33
646300246211530,4.64701,-74.02573,52,152
713262430851430,4.626546,-74.161739,38,94
869671070290026,4.644487,-74.035779,29,175
863238078129410,4.64423,-74.126718,59,182
662412484825852,4.536255,-74.030518,60,261
868166050474642,4.612288,-74.14109,57,82
908631844607387,4.656534,-74.074176,49,159
868166051633550,4.568584,-74.157037,51,67
864035050825380,4.604134,-74.073006,56,28
708726142779938,4.599308,-74.140469,46,154
893728724207754,4.594156,-74.032773,32,114
341038688171014,4.549204,-74.123951,21,57
505841916583666,4.613824,-74.1432,29,138
868166050709443,4.60111,-74.156884,19,162
190951735624813,4.635853,-74.069887,43,172
868166050716687,4.617616,-74.055835,42,225
400476438321307,4.534117,-74.018577,28,162
622380441574138,4.534817,-74.151867,32,166
126186318690910,4.641928,-74.099044,56,73
868915138602545,4.642923,-74.135654,41,349
867232052919298,4.6833,-74.081397,17,329
868166051148120,4.669983,-74.123603,36,351
868166051159184,4.6046,-74.095984,32,46
868307060179652,4.629855,-74.102771,55,189
034110558029853,4.602859,-74.051349,21,51
615968301197435,4.565381,-74.043045,25,343
401327134784869,4.589978,-74.093804,58,197
865413053531661,4.546331,-74.122709,62,153
868166051633238,4.636354,-74.034605,30,159
868166051157360,4.560435,-74.026078,51,332
263944196508742,4.605785,-74.075347,39,46
868166051174183,4.6845,-74.121819,18,172
192529217448410,4.534777,-74.036327,55,166
868166051640167,4.553987,-74.104785,48,187
868166051091882,4.577483,-74.014759,26,130
868166051657930,4.680399,-74.119075,34,349
864035051765015,4.675125,-74.011308,35,61
865413056626533,4.55563,-74.093284,40,247
868166051646974,4.686689,-74.041226,63,242
863238077104315,4.64983,-74.128327,64,166
865413053516729,4.616106,-74.061782,50,348
863238077191411,4.678782,-74.068598,56,24
863238070872728,4.670607,-74.094501,23,202
863238078161926,4.592321,-74.044081,29,147
868166051081313,4.634725,-74.030873,40,199
868166050465624,4.633292,-74.045387,36,234
867232052902187,4.582025,-74.031654,59,141
412253360739145,4.558412,-74.04252,24,67
864035050824953,4.6044,-74.137806,38,349
414653630443683,4.571835,-74.038166,21,224
838421196327064,4.58652,-74.13124,46,97
702445802922219,4.682373,-74.145874,37,56
868166051947448,4.603492,-74.017487,52,197
512170113393930,4.639293,-74.066032,64,117
205907737239284,4.583507,-74.133512,33,212
863238078126309,4.689048,-74.059956,26,75
868166053499133,4.635113,-74.108494,30,230
864035050866780,4.561072,-74.139103,39,89
863238078167949,4.545419,-74.033832,20,303
755434113428633,4.680619,-74.144152,21,9
136455162139615,4.680874,-74.007757,61,301
134417912058026,4.629123,-74.038241,15,158
448549190834263,4.532429,-74.047794,63,16
816979236067277,4.565796,-74.123486,44,6
527316897516831,4.657914,-74.040215,56,284
868307060145000,4.669784,-74.158142,45,230
863238078174655,4.602348,-74.073131,20,152
570904901908676,4.588193,-74.112032,44,235
643089589545785,4.573586,-74.028583,36,281
045819306514654,4.548425,-74.039939,34,266
676895534306176,4.548229,-74.083696,15,2
864035051770015,4.682126,-74.086173,59,145
864035050760173,4.65909,-74.150045,54,326
864035050760637,4.556075,-74.124203,22,26
863238076251786,4.562838,-74.04859,27,88
410815703802319,4.634598,-74.151248,35,39
827977327729265,4.652056,-74.035789,29,342
864035050760348,4.65936,-74.005021,24,108
108344197043352,4.555844,-74.149096,33,33
864035050762732,4.687171,-74.088486,52,118
863238076431016,4.566158,-74.069106,31,277
156564364315330,4.624016,-74.031685,57,190
100256758444191,4.623729,-74.137738,63,93
864035050761692,4.684488,-74.10413,26,248
089747168412013,4.634937,-74.028055,53,74
489169085699067,4.623295,-74.07884,17,351
864035050763722,4.612714,-74.135594,56,269
869671075520773,4.652055,-74.022643,62,303
694683500982818,4.546679,-74.01197,50,245
865413055600364,4.530045,-74.043404,53,80
869671075948404,4.682108,-74.005964,61,203
010460984093447,4.609495,-74.013506,43,195
511840624395787,4.582244,-74.142325,25,75
869671075520930,4.588599,-74.09627,36,7
965380942822056,4.658325,-74.066248,44,49
865413053511142,4.590889,-74.044568,46,350
865413053509609,4.652937,-74.07614,40,44
961381010476050,4.600184,-74.057878,46,105
741558436016241,4.664762,-74.143061,42,98
863238070750239,4.541903,-74.096743,29,197
869671073371872,4.606691,-74.160653,55,145
865413053301924,4.604406,-74.057454,40,225
863238070922200,4.572002,-74.135434,28,57
865413056632150,4.680688,-74.097115,47,281
865413053519855,4.674515,-74.081966,46,78
800811086631076,4.600685,-74.055129,48,359
865413053530324,4.545256,-74.039632,61,164
969411313008151,4.562795,-74.047334,52,32
865413053502356,4.573149,-74.070899,47,31
865413053506845,4.607185,-74.077146,26,257
104459660223531,4.58385,-74.024646,22,208
865413054787360,4.653572,-74.023065,24,180
946746004695958,4.605874,-74.151849,42,83
865413053508726,4.668969,-74.118527,41,32
865413055501737,4.689035,-74.014285,36,299
620649722958232,4.564884,-74.066926,31,58
865413055467798,4.627577,-74.140204,48,304
928720051935809,4.66531,-74.150369,52,92
865413053532965,4.680948,-74.146641,36,264
865413056050817,4.576124,-74.038576,53,44
869671070402662,4.646037,-74.126232,36,215
865413057178096,4.532113,-74.122877,29,193
965695180588022,4.670373,-74.140855,57,82
160158949984332,4.53994,-74.065805,40,244
085581524718001,4.647053,-74.07953,58,42
527490037898290,4.688848,-74.116703,54,110
951996628524637,4.6099,-74.05645,34,207
758648318297231,4.563203,-74.037305,58,164
865413055530207,4.624853,-74.005015,34,258
869671075958981,4.629574,-74.085156,45,149
865413055676976,4.636602,-74.095672,62,312
869671072797952,4.557328,-74.115002,33,153
869671072812769,4.673504,-74.036214,42,287
961649726204036,4.629069,-74.006196,48,15
865413057212382,4.536681,-74.065682,17,18
869671074444777,4.639157,-74.058979,34,52
865413057047069,4.561083,-74.051488,28,34
869671073669564,4.534085,-74.094025,62,40
865413053508833,4.617863,-74.126494,32,237
865413056579989,4.65984,-74.120771,25,93
865413056613028,4.667301,-74.062998,60,6
050895453828297,4.546273,-74.059726,46,148
252479597028340,4.635797,-74.087844,29,5
865413057180381,4.643322,-74.154816,30,202
864035050766733,4.576833,-74.021392,39,339
864035050825653,4.685128,-74.12266,45,74
864035050828319,4.5743,-74.068785,17,106
864035050828566,4.540907,-74.043563,57,80
864035050827931,4.612795,-74.132256,21,182
864035050830190,4.6408,-74.086023,61,266
865413054786776,4.568856,-74.161536,24,124
864035050861427,4.583883,-74.154159,43,74
501805041863586,4.61989,-74.121672,15,85
102391816256127,4.671579,-74.056354,45,99
864035050862771,4.649282,-74.019882,41,313
864035050862946,4.563245,-74.093832,45,25
864035050863605,4.569994,-74.157744,32,256
864035050863647,4.613531,-74.114915,29,24
864035050863803,4.652743,-74.00863,61,356
864035050864082,4.628712,-74.143955,46,238
864035050868513,4.609922,-74.040837,31,190
489860564893797,4.62525,-74.042178,32,200
237924555672696,4.65068,-74.067362,62,187
864035050870378,4.615643,-74.012808,64,84
864035050870451,4.67335,-74.059006,27,78
864035050870857,4.681241,-74.007109,43,110
743793720542770,4.676167,-74.029569,48,84
435938805534068,4.650433,-74.034703,15,244
864035050871962,4.569121,-74.009582,58,194
864035050872531,4.591353,-74.063023,29,339
864035050872473,4.57451,-74.110174,60,98
095362298123456,4.634936,-74.145164,60,41
864035050873141,4.581585,-74.050668,20,224
864035050873422,4.650413,-74.078025,48,355
864035050873596,4.547871,-74.100078,20,89
864035050873760,4.653768,-74.009791,28,43
864035050874412,4.623454,-74.015762,16,306
864035051632397,4.663372,-74.101278,20,330
961562993132303,4.59865,-74.010472,39,311
335268675928344,4.629704,-74.092627,28,118
865413055716145,4.618416,-74.128768,58,296
864035051639418,4.685817,-74.062446,57,334
864035051763598,4.650586,-74.14667,63,55
051205403167599,4.61688,-74.137323,35,140
864035051764661,4.557555,-74.031466,32,147
687053116334862,4.674368,-74.030693,53,171
864035051764760,4.562644,-74.123252,48,355
12345678901234567,4.633717,-74.042252,27,77
864035051764885,4.679545,-74.005979,28,16
151297918109546,4.565483,-74.008495,36,229
924309894865185,4.565858,-74.090626,19,356
507397074621945,4.666001,-74.023525,41,128
144520506680671,4.662135,-74.072613,38,134
821539466576539,4.585983,-74.071384,47,188
868307060147493,4.572125,-74.123467,27,48
563220779881005,4.550092,-74.100276,51,211
194181470786249,4.68778,-74.12737,61,7
228384515026668,4.663365,-74.042958,51,192
306650560353057,4.673613,-74.059255,35,253
864035051765494,4.611899,-74.033034,52,251
759360478976096,4.548012,-74.062569,61,263
938937201260619,4.538123,-74.117401,59,66
864035051766070,4.582603,-74.009346,30,138
172030837254217,4.676963,-74.057636,15,52
973260961903831,4.681323,-74.085536,50,204
864035051765940,4.664296,-74.037338,42,319
488203986858844,4.555099,-74.12101,23,158
954687385985924,4.596898,-74.032017,30,354
158040076744677,4.569109,-74.107623,50,25
826464447236530,4.562566,-74.149805,46,106
864035051767268,4.639282,-74.036489,28,171
865413055468374,4.607488,-74.131197,36,208
864035051767581,4.581696,-74.058662,30,71
303704369553988,4.545744,-74.118584,23,171
474187849173911,4.616872,-74.052078,47,93
778217334487287,4.585234,-74.141574,27,93
947093019149583,4.592285,-74.061925,47,68
864035051767946,4.579391,-74.131027,39,31
864035051768233,4.591661,-74.081212,20,283
143132313292442,4.618648,-74.022118,16,255
864035051768712,4.531973,-74.085683,51,243
032689964834818,4.665334,-74.038219,21,12
864035051769009,4.677217,-74.138318,54,62
864035051769249,4.617795,-74.056606,36,54
837655859443657,4.572593,-74.137433,19,298
878980829307570,4.688148,-74.03878,43,223
864035051770452,4.591021,-74.0475,15,308
864035051771229,4.640695,-74.097365,57,316
864035051771336,4.640102,-74.086544,19,67
042142262979743,4.599199,-74.134804,33,56
864035051959592,4.561575,-74.060067,64,344
864035051958768,4.684363,-74.01572,17,254
746810421642795,4.539901,-74.072082,22,196
864035051960889,4.607334,-74.111325,51,261
978997275098627,4.565027,-74.096239,21,27
618151222859709,4.576746,-74.126825,51,328
868307060149374,4.662274,-74.091068,37,358
869671075600450,4.588472,-74.082529,51,49
485774323321939,4.543046,-74.011231,38,5
300600334658311,4.561119,-74.092965,59,73
869671074582402,4.66737,-74.023789,46,51
863238070814779,4.686035,-74.135058,15,281
864035051963628,4.572587,-74.074523,60,194
863238070818812,4.637775,-74.067225,47,256
865413053318746,4.542702,-74.066755,44,309
865413053528625,4.645464,-74.081406,30,205
865413053529375,4.59634,-74.039006,19,111
863238070847266,4.676616,-74.134092,63,26
865413055669153,4.579556,-74.150853,39,213
865413053526710,4.680345,-74.138915,63,89
869671075889939,4.61023,-74.071633,58,11
865413053517149,4.585533,-74.121794,40,238
864035050767863,4.633233,-74.043584,52,40
868166051648798,4.569669,-74.151693,62,201
864035050824888,4.566472,-74.016311,59,217
864035050825471,4.561125,-74.009476,62,237
864035050826123,4.683294,-74.036046,26,175
864035051964832,4.608576,-74.021277,45,161
864180039298638,4.649968,-74.101215,31,144
57692223446845126985,4.605549,-74.136215,32,64
261647774927463,4.623716,-74.129758,46,45
864035050827386,4.623172,-74.081546,41,189
647214132711066,4.686492,-74.055928,20,31
864035050827790,4.636659,-74.070744,42,270
864035050827683,4.568073,-74.14496,55,288
317413640322270,4.532142,-74.045391,45,174
868018076208233,4.564699,-74.035511,36,52
294247467061968,4.602593,-74.157026,42,78
864035050829804,4.592657,-74.088326,63,228
864035050829812,4.659682,-74.091703,50,219
156022524104045,4.655399,-74.150995,63,39
228560835202150,4.543965,-74.133467,23,344
183672302253385,4.682032,-74.031351,22,236
884749623565770,4.614103,-74.068207,48,323
333268925763568,4.625135,-74.126725,26,183
395195197595888,4.594519,-74.088406,60,350
966375190868289,4.63363,-74.025011,45,354
296264250138174,4.669122,-74.145383,50,5
864035050864579,4.63754,-74.008873,55,322
863238073361745,4.684926,-74.139121,21,84
864035050865105,4.64189,-74.115231,53,206
864035050865469,4.661185,-74.132713,22,167
864035050865832,4.536916,-74.086621,37,17
864035050866467,4.637342,-74.11206,35,149
868166051644276,4.63447,-74.003589,59,60
864035050867945,4.545989,-74.159285,41,199
864035050868620,4.664492,-74.110304,27,318
548359003975330,4.627978,-74.066599,55,359
865413055756000,4.545442,-74.107346,63,166
867232052905925,4.624825,-74.088826,17,264
865413056136491,4.606257,-74.093715,34,69
054355031297420,4.567037,-74.147953,25,174
505067223160390,4.532871,-74.057902,48,185
865413055215775,4.588201,-74.028308,58,207
355923687634034,4.628886,-74.077298,62,184
868166050262625,4.582395,-74.137816,16,348
868166050436617,4.578871,-74.084746,47,113
868166050436583,4.649889,-74.15949,21,123
868166050437201,4.65109,-74.016553,45,53
804192724518892,4.644713,-74.123255,42,166
868166050463926,4.545899,-74.017372,56,188
868166050437714,4.612297,-74.068293,55,5
868166050464387,4.618958,-74.004417,41,325
565967733502055,4.648879,-74.025858,31,1
188665563315138,4.674218,-74.159976,41,246
868166050464866,4.588756,-74.159331,28,167
868166050465871,4.598296,-74.0428,27,108
868166050475219,4.646953,-74.079063,48,157
868166050477488,4.635732,-74.040892,40,113
868166050490788,4.618969,-74.067399,40,42
868166050490374,4.585732,-74.124585,39,87
868166050584325,4.560966,-74.035893,63,87
868166050584358,4.559119,-74.156784,62,274
184208317082599,4.542763,-74.032708,15,122
549611454774458,4.542702,-74.055336,34,256
868166050584820,4.665038,-74.054026,29,4
868166050585074,4.591098,-74.154732,35,108
868166050585330,4.539428,-74.128186,42,283
304271584434989,4.673138,-74.08352,64,248
271772055039339,4.565433,-74.09102,49,62
067510356990646,4.57261,-74.157516,27,275
662607725489703,4.56083,-74.108017,34,104
700238302677686,4.68451,-74.006956,34,140
838195271875821,4.547716,-74.1127,18,281
437245265856801,4.645256,-74.060505,58,46
880060950273374,4.678844,-74.052679,44,145
073357184063234,4.63659,-74.061964,45,231
849826009180798,4.667106,-74.115399,55,239
314238031753459,4.568502,-74.07028,18,345
747770387100411,4.637538,-74.049095,52,214
868166050705441,4.641849,-74.100419,63,286
868166050704832,4.603043,-74.116901,33,65
868166050706373,4.668997,-74.117751,27,303
868166050705888,4.640812,-74.014854,30,248
868166050707116,4.67289,-74.058634,34,338
704663237216365,4.650223,-74.041361,22,350
868166050709054,4.612956,-74.070898,25,308
868166050710235,4.6095,-74.060877,35,182
868166051686558,4.602306,-74.117507,61,251
868166050712751,4.533173,-74.018896,42,302
868166050715168,4.615333,-74.081559,30,316
868166050716067,4.597386,-74.032894,53,255
868166050716554,4.554915,-74.078868,17,273
868166050717842,4.548761,-74.143139,45,349
868166050719194,4.601606,-74.143858,44,271
868166050719541,4.536096,-74.087492,22,333
868166050721562,4.687563,-74.092967,63,305
868166050721885,4.590209,-74.015623,46,339
868166051042497,4.590847,-74.140673,26,69
868166051042869,4.53789,-74.051901,25,58
868166051046811,4.597978,-74.014848,48,217
868166051047314,4.532229,-74.095978,60,325
868166051078889,4.534525,-74.020153,34,17
868166051080059,4.583966,-74.13866,50,5
865413057071713,4.661065,-74.144895,49,165
868166051080992,4.603121,-74.124411,20,306
868166051081909,4.532084,-74.078359,59,225
868166051083178,4.555825,-74.058324,18,321
868166051090033,4.648098,-74.03835,58,349
868166051143634,4.647837,-74.039102,34,9
868166051092112,4.650434,-74.143849,60,47
868166051152205,4.585977,-74.021909,45,67
369234942466749,4.586074,-74.143776,16,220
868166051152593,4.658042,-74.0181,62,61
868166051174779,4.593412,-74.00853,20,200
868166051164333,4.646061,-74.068294,53,187
868166051329555,4.62269,-74.050727,41,40
868166051328953,4.588005,-74.102594,45,263
868166051329506,4.542511,-74.073645,52,260
868166051368322,4.54829,-74.028619,63,288
564662658054023,4.672039,-74.13623,40,324
868166051469443,4.602084,-74.081471,21,16
868166051336659,4.688751,-74.096275,24,68
868166051476901,4.587934,-74.023128,26,51
868166051630960,4.569703,-74.140791,23,328
868166051633329,4.585796,-74.019069,33,30
051892614433249,4.584604,-74.121707,32,199
723555549418175,4.631687,-74.064838,30,187
841904504526639,4.531748,-74.100966,19,130
047011809357140,4.651833,-74.012511,25,334
046494888654168,4.596336,-74.130146,60,17
510013333561393,4.598868,-74.081344,56,304
928753606918277,4.606688,-74.125224,56,43
607902697321267,4.601584,-74.033554,59,141
868166051633352,4.609305,-74.118381,59,327
868166051636256,4.585055,-74.009192,47,145
868166051637668,4.602245,-74.013846,18,86
868166051637841,4.594454,-74.08572,31,223
868166051639276,4.612629,-74.159681,35,213
686910666345831,4.629433,-74.007283,41,188
868166051639565,4.568276,-74.051996,17,276
868166051640761,4.61106,-74.083033,50,167
868166051641934,4.62485,-74.065096,54,49
868166051642098,4.532422,-74.143992,33,48
990728847239181,4.612989,-74.136544,43,292
551796425519002,4.567997,-74.059524,39,345
792634964089658,4.594436,-74.153916,64,226
861828733523288,4.661955,-74.049382,31,7
776039936490069,4.581908,-74.014585,46,314
629020845484939,4.607025,-74.048317,43,73
385660440262562,4.533669,-74.072049,37,118
961481805402368,4.57911,-74.034677,27,39
228206856391635,4.632065,-74.041995,59,269
541676033227276,4.580136,-74.067244,36,127
989384262181210,4.562638,-74.130226,37,175
526070460418542,4.576215,-74.160497,47,20
035429988529269,4.682411,-74.088581,23,201
774809843984764,4.543598,-74.123183,40,168
514493221718345,4.603847,-74.125409,33,110
868166051642304,4.539052,-74.080679,42,274
868166051644318,4.615895,-74.101687,61,278
322640678213970,4.553076,-74.081101,31,89
982056882634359,4.631164,-74.118666,30,149
309233734192425,4.572014,-74.064131,22,136
086354131124628,4.640256,-74.062232,18,264
868166051644326,4.585253,-74.128323,53,326
860531628405485,4.530377,-74.070954,64,34
291861872415362,4.576893,-74.090515,21,29
868166051645240,4.542813,-74.006642,28,280
178671845402894,4.608916,-74.046265,58,73
263498937063343,4.575932,-74.132647,27,333
511881376836974,4.632109,-74.020625,44,238
306165523316372,4.6097,-74.085427,38,32
554187705492788,4.535477,-74.026253,30,205
896034000370250,4.580691,-74.028805,48,198
271590065230205,4.607959,-74.158974,41,155
266727130190504,4.621263,-74.124364,45,226
947208952282874,4.546489,-74.015975,22,264
292147420097913,4.633705,-74.038591,23,203
194512146420716,4.584702,-74.140098,31,317
838533142507811,4.558977,-74.127783,22,175
211452245051980,4.658562,-74.062766,33,212
184810308350990,4.54069,-74.117159,42,309
529224273792638,4.678473,-74.129066,22,351
369945422994401,4.642713,-74.004404,34,123
868166051637627,4.605805,-74.088371,36,169
170715029540561,4.531496,-74.078643,30,88
868166051646875,4.59213,-74.057392,58,250
868166051651909,4.633038,-74.149632,44,88
865413057163916,4.667136,-74.098305,24,267
868166051654705,4.628552,-74.016881,33,22
372513522441825,4.593343,-74.010835,40,348
868166051655611,4.601288,-74.082508,25,79
868166051658169,4.669437,-74.018996,41,335
868166051658813,4.585927,-74.081904,63,205
868166051659035,4.540135,-74.004052,59,107
868166051661940,4.600538,-74.0358,28,124
868166051662013,4.689463,-74.0289,32,24
869671074387810,4.590474,-74.131921,18,81
868166051685634,4.560599,-74.161032,32,21
868166051685774,4.536931,-74.080958,31,72
868166051686012,4.557065,-74.004501,47,292
868166051687275,4.58156,-74.006989,50,67
868166051687416,4.621595,-74.06348,21,46
868166051687762,4.636204,-74.132205,44,88
868166053121075,4.536561,-74.160314,33,156
408338451717773,4.679499,-74.082311,51,34
456484409438053,4.567412,-74.113438,39,139
868166053497582,4.55356,-74.107864,59,204
868166053498424,4.614643,-74.028426,47,24
868166053498770,4.638124,-74.147455,22,135
868166053499513,4.57887,-74.147238,37,17
868166053500344,4.636821,-74.090928,30,265
868166053500427,4.576797,-74.0956,21,214
868166053500369,4.674057,-74.151529,57,207
868166053500013,4.670621,-74.07447,63,65
868166053501185,4.541101,-74.092625,37,231
868166053501284,4.553774,-74.002861,28,124
868166053501508,4.641399,-74.151176,53,201
868166053501177,4.529729,-74.142963,30,250
868166053502183,4.6612,-74.136402,64,341
868166053502365,4.586708,-74.109772,29,10
868307060146933,4.648849,-74.05543,44,189
868307060147535,4.536788,-74.007109,49,303
869671072737826,4.563192,-74.016519,59,356
868307060148798,4.541039,-74.091013,60,274
868307060148780,4.558482,-74.150402,17,67
868307060148947,4.591217,-74.05856,53,351
868307060149085,4.608358,-74.094921,36,202
404483309784296,4.676285,-74.158016,38,21
868307060149499,4.630058,-74.03097,61,95
868307060150349,4.642747,-74.077069,61,17
868307060150471,4.542848,-74.091691,43,28
868307060150745,4.575596,-74.045967,52,208
868307060151966,4.688387,-74.024441,45,172
841339982332574,4.619378,-74.012593,42,109
330158726777557,4.655761,-74.10869,61,333
868307060151735,4.534907,-74.132338,30,190
565234853808766,4.543162,-74.108901,16,203
868307060152410,4.547187,-74.005541,26,284
395898648146371,4.532156,-74.145993,39,68
868307060175304,4.677227,-74.009704,42,182
865413056123077,4.570292,-74.062795,44,1
127701806107539,4.689161,-74.160201,53,263
868307060175403,4.647811,-74.024287,55,145
701340016104103,4.569808,-74.052761,26,54
868307060176088,4.688399,-74.13861,49,109
819458478359087,4.668675,-74.107134,19,340
668610606267101,4.55611,-74.022089,20,12
944943581126117,4.559362,-74.045168,51,65
589002851270723,4.63854,-74.110765,53,192
975799271957571,4.542235,-74.034676,27,319
276642270635374,4.623234,-74.120981,57,348
707689610760064,4.540366,-74.073843,25,114
911330047689954,4.565118,-74.012379,61,122
633840133646509,4.68146,-74.091955,31,160
868307060176385,4.609481,-74.07275,49,3
868307060176534,4.621504,-74.037559,46,22
868307060176229,4.572859,-74.129152,54,96
868307060177458,4.60012,-74.089901,51,130
868307060177524,4.55099,-74.014541,23,239
527959584865126,4.612369,-74.057455,62,298
868307060177185,4.538343,-74.049529,42,84
868307060179041,4.53743,-74.007791,45,153
868307060179470,4.638454,-74.067525,41,11
868307060181096,4.538507,-74.022464,61,65
268044931321884,4.613115,-74.002962,26,161
344955250651312,4.572274,-74.053548,42,109
865413056642183,4.559741,-74.052185,60,182
868307060181088,4.621441,-74.132785,64,2
319516978372101,4.577144,-74.087659,34,30
625342020655164,4.602731,-74.043697,35,12
868307060185014,4.551946,-74.106937,51,128
868307060185618,4.549948,-74.143057,34,299
869671074401330,4.546755,-74.158402,31,240
869671075646354,4.54116,-74.054753,60,33
869671074617596,4.618304,-74.156426,30,347
029419156400227,4.650671,-74.08363,41,113
868166051652238,4.656489,-74.020516,59,99
865413055616493,4.682965,-74.029911,27,270
864035050948349,4.556653,-74.046649,62,185
622976307767581,4.551409,-74.02419,59,328
864035050872788,4.604903,-74.042,43,220
865413053511027,4.667471,-74.158843,36,330
865413052207023,4.652441,-74.086355,51,86
963308853011510,4.619018,-74.159401,18,240
868166051656049,4.554795,-74.072939,47,22
490532901478445,4.592312,-74.123963,57,106
868307060143435,4.644805,-74.091173,39,235
864035051763960,4.589456,-74.129107,29,239
474000241368569,4.535969,-74.030668,24,286
539498550680637,4.623131,-74.132259,62,69
588770046494439,4.644932,-74.109531,38,95
512645636408125,4.644073,-74.159322,54,49
962266510952099,4.556089,-74.112217,60,200
865413056578874,4.583469,-74.157552,30,195
864035051830769,4.595178,-74.089752,51,232
868307060146131,4.596987,-74.157437,49,250
868166051650745,4.547975,-74.099643,59,135
864035050829366,4.591395,-74.064703,29,92
868166050261700,4.610771,-74.016147,25,101
864180039301135,4.6434,-74.073164,35,170
864035051966258,4.620822,-74.079335,20,127
497069949393511,4.594499,-74.154196,30,99
523576639324398,4.678126,-74.101869,53,226
616354972538497,4.625403,-74.098775,48,105
864035051639731,4.685677,-74.109963,63,150
868307060148277,4.66849,-74.019474,43,166
868166050490903,4.63749,-74.098429,62,115
869671072448804,4.6736,-74.128001,48,166
864035050826602,4.688308,-74.036147,43,303
868166051083236,4.56505,-74.031746,47,321
864035051830686,4.640279,-74.106484,18,221
868166051661379,4.676715,-74.030331,15,296
544815796544637,4.532494,-74.048844,59,243
868166051475531,4.657628,-74.144149,38,332
864035051767854,4.544014,-74.102848,37,191
868166051661270,4.676359,-74.025417,63,277
868166051082675,4.627632,-74.102079,19,75
864035050865261,4.555641,-74.023337,47,149
864035050829838,4.536016,-74.090477,36,290
868166050707959,4.662161,-74.071411,36,112
868166051637825,4.552029,-74.099448,50,281
206378678079478,4.680037,-74.063611,58,128
864035050827592,4.544248,-74.077906,59,160
864035051768969,4.663787,-74.02695,58,232
868166051080794,4.597475,-74.006972,39,160
045750395590463,4.669348,-74.115479,29,166
868166051328565,4.652682,-74.137066,18,226
584561424628670,4.666171,-74.109345,39,219
601818112765795,4.604949,-74.047754,57,140
203183868974501,4.643913,-74.128031,28,194
355663938402985,4.580697,-74.110242,32,120
128466741202964,4.537258,-74.012154,25,202
864035050873869,4.566894,-74.041211,45,260
952660016466459,4.529928,-74.009184,61,17
880226330847449,4.587795,-74.147879,19,308
059179776222566,4.608723,-74.083768,29,312
105418153147176,4.532815,-74.01701,43,353
771172689123671,4.530947,-74.091438,15,22
864035050759027,4.639544,-74.051456,34,212
117147843158428,4.54578,-74.134508,17,144
251975246557739,4.541525,-74.122269,42,264
298976847714955,4.609006,-74.09399,53,129
868307060176989,4.644615,-74.111541,38,168
864035051958388,4.686056,-74.05873,27,266
868166050719798,4.576974,-74.029521,46,211
085854816706947,4.548513,-74.104455,24,322
639701065610364,4.540676,-74.039635,45,261
868166051082261,4.562912,-74.116924,56,96
868166051660843,4.545719,-74.097256,15,312
571359361572463,4.530251,-74.156059,27,255
128163003749622,4.575322,-74.138611,35,79
678159650294585,4.555983,-74.14376,40,169
868166051684231,4.53263,-74.069441,30,349
868166051153351,4.586451,-74.061326,35,227
160753069232783,4.661857,-74.152889,19,78
405955050828975,4.578296,-74.072375,41,134
451965396295758,4.643326,-74.041246,54,284
278857412170381,4.646308,-74.08109,19,44
868166050704873,4.533799,-74.087881,53,103
729201301019687,4.683596,-74.060264,21,183
864035051770718,4.551952,-74.100551,51,137
817537047634302,4.644504,-74.064541,21,240
648489557016626,4.590421,-74.013816,50,50
361296324626032,4.668626,-74.024967,33,244
408519498935540,4.688904,-74.043711,38,215
710043910252437,4.560642,-74.021983,34,289
377606273642255,4.660823,-74.11379,41,168
864035051766914,4.61059,-74.041677,20,321
011937109862144,4.684179,-74.115101,22,335
328306083668877,4.635004,-74.079134,38,296
215752679446416,4.624628,-74.083704,36,141
868166050713403,4.566434,-74.15416,25,355
810455574112997,4.644702,-74.070489,36,216
864035051957539,4.575822,-74.080965,48,227
868166053499497,4.665031,-74.078684,49,231
868166051080232,4.686072,-74.156654,47,109
864035051956861,4.530957,-74.101879,33,267
869671074568930,4.682451,-74.094042,37,216
864035050870824,4.587064,-74.043937,61,178
864180039302513,4.607841,-74.044233,57,142
868307060142569,4.677564,-74.100686,28,73
868166053501847,4.653863,-74.097163,16,174
864035051964303,4.568626,-74.048024,60,149
868166051651693,4.545206,-74.094615,22,184
868166051642817,4.664306,-74.064697,49,348
842509777902794,4.64924,-74.118972,43,72
868166051635845,4.667044,-74.153137,30,302
864035050946707,4.591157,-74.050664,38,210
684169071801043,4.608448,-74.054739,20,219
114183783121590,4.604113,-74.148411,51,346
779577418814287,4.580065,-74.157841,36,50
767328445966029,4.583418,-74.161357,42,64
475242157765441,4.644694,-74.140967,55,212
062931423893776,4.650201,-74.127839,35,78
868166051658235,4.667927,-74.024627,43,325
864035050873729,4.664894,-74.092415,23,216
869671072679465,4.65034,-74.057401,45,298
834148169880902,4.582954,-74.00659,50,279
864035050761585,4.643317,-74.091027,43,200
730705128677102,4.68533,-74.033917,64,302
798974016544514,4.676308,-74.099973,23,231
165621102444662,4.685148,-74.043115,34,348
725807977235045,4.535503,-74.119497,58,21
338407200883221,4.627566,-74.019698,19,301
868166051657435,4.564165,-74.153399,64,346
255419390852162,4.56916,-74.08938,37,173
299094159619777,4.66476,-74.003574,56,49
705538972253162,4.649741,-74.138753,17,51
868166051475168,4.582318,-74.145546,64,16
868166051650653,4.612896,-74.108648,52,195
413702831111515,4.559843,-74.139981,25,302
832177940103229,4.530322,-74.053308,27,89
868166051653517,4.673703,-74.063441,25,73
868166051475184,4.643253,-74.077564,21,339
868166051642056,4.614321,-74.006502,48,216
868166051629798,4.538366,-74.111195,59,231
868166051640662,4.597044,-74.090703,56,45
868166051480663,4.590517,-74.087619,38,102
938192866171541,4.557158,-74.048938,37,305
868166051650729,4.5547,-74.125373,19,85
664415901667482,4.557418,-74.040865,21,314
868166051651735,4.625204,-74.1321,48,126
864035050946772,4.549663,-74.005423,61,188
868166051658540,4.567878,-74.009361,48,41
868166051659365,4.681114,-74.097826,23,203
868166051649929,4.564824,-74.020974,26,222
864035050946699,4.651927,-74.09866,27,298
868166051631117,4.625396,-74.075158,15,128
868166051660850,4.595815,-74.04212,27,93
888888888888882,4.624956,-74.040373,18,295
865413055508377,4.551089,-74.020012,51,55
865413057222431,4.60718,-74.087867,42,77
808005848992965,4.685251,-74.066751,18,347
865413056110652,4.598145,-74.070568,29,65
865413057110248,4.568571,-74.080859,24,2
865413056095937,4.678111,-74.050602,34,52
834765874433774,4.627434,-74.120216,58,280
544682762618229,4.646167,-74.151302,30,122
865413056105553,4.616655,-74.078758,50,172
705592077133233,4.531502,-74.093211,58,60
865413055139876,4.650622,-74.077399,39,343
869671074514397,4.686302,-74.063686,37,201
869671074400894,4.6443,-74.103362,38,266
748852929429521,4.659111,-74.112634,52,152
865413052785697,4.665964,-74.053634,61,62
584778442490467,4.689582,-74.097672,60,297
869671074548551,4.575888,-74.028449,63,355
848992653807721,4.601611,-74.039786,25,203
869671074366541,4.616562,-74.017534,15,129
629465974471167,4.554103,-74.146361,15,83
865413056570962,4.606666,-74.136008,21,342
865413053524590,4.574027,-74.064492,30,68
088501671433656,4.663619,-74.048396,46,316
094820830349633,4.58524,-74.127999,30,245
865413055979180,4.54278,-74.157864,64,280
865413056541724,4.531324,-74.023899,33,281
865413053306295,4.667397,-74.037242,19,244
865413056050916,4.667125,-74.014366,33,55
869671072747775,4.679164,-74.115398,50,24
869671072683863,4.541317,-74.080189,26,193
869671074656453,4.592871,-74.045458,27,153
863238070919321,4.598221,-74.061614,49,217
341400656849601,4.667451,-74.159761,43,120
869671074538339,4.571537,-74.080172,55,18
865413056578940,4.578063,-74.004652,61,245
683811814310409,4.646946,-74.124576,19,167
092020767268961,4.558518,-74.088801,28,345
869671072809153,4.63137,-74.032548,57,254
885182220558932,4.648463,-74.119171,18,103
869671075986131,4.558583,-74.09668,32,187
020732109807424,4.565221,-74.051278,38,35
865413051354024,4.641679,-74.089767,52,187
865413055690027,4.656831,-74.009098,51,313
865413054870794,4.682247,-74.025719,19,144
869671075605608,4.579094,-74.115353,22,126
865413056585614,4.617491,-74.161661,58,184
865413056557548,4.5532,-74.075953,28,24
635043674460855,4.599613,-74.025228,61,349
869671075539666,4.571489,-74.016282,38,331
647395967964068,4.585518,-74.142226,57,330
551680005427549,4.658248,-74.019126,61,85
396244615169394,4.658227,-74.082122,58,75
865413057080524,4.642431,-74.005078,39,317
869671072781055,4.549492,-74.033476,23,338
865413055616865,4.575154,-74.135095,15,283
865413055214257,4.679997,-74.077432,41,355
869671074397868,4.602114,-74.020746,59,298
255175931570719,4.629205,-74.031596,26,10
869671075664225,4.532639,-74.006852,53,60
865413055741788,4.612593,-74.028276,15,50
869671075539070,4.639973,-74.003167,30,345
440594183541010,4.539131,-74.077811,45,195
865413054839880,4.548156,-74.066347,52,315
865413055766868,4.588649,-74.150574,26,186
941092582620661,4.680823,-74.0987,47,221
865413055544612,4.569518,-74.111269,45,338
865413055149859,4.533166,-74.015027,19,142
774135957912908,4.659195,-74.108754,25,201
869671070235617,4.66559,-74.019971,25,44
674578985558808,4.615581,-74.123478,54,124
869671077219960,4.672598,-74.068631,23,222
865413056558132,4.558355,-74.076207,27,94
666295255689482,4.573657,-74.145996,34,223
863238073794978,4.532982,-74.111007,40,284
869671070384381,4.623059,-74.004019,64,231
134995676736549,4.671692,-74.066633,47,26
869671075600773,4.626734,-74.029501,56,225
318574175129759,4.542556,-74.046633,43,192
962647004645150,4.640626,-74.017697,49,277
553959100101367,4.63786,-74.106633,33,338
494367334729163,4.556389,-74.12638,19,101
865413055618978,4.662347,-74.15031,51,4
434996184294630,4.675692,-74.027069,19,239
865413057105065,4.592382,-74.078098,36,29
569646456916710,4.579112,-74.046664,19,160
896445192569170,4.621658,-74.151498,19,107
869671070431992,4.685313,-74.026303,30,216
863238070963659,4.645704,-74.068519,26,23
863238070801123,4.65612,-74.142903,41,39
752842781727743,4.652683,-74.081992,46,35
863238070955010,4.682829,-74.066212,39,358
869671077463683,4.660301,-74.107229,48,296
865413056036519,4.57264,-74.047971,59,253
868307060147949,4.566718,-74.068737,59,32
237075378108564,4.568445,-74.027284,39,12
621643700582238,4.56378,-74.023593,21,317
869671074401785,4.563032,-74.151791,55,296
868166050722214,4.67923,-74.058313,40,189
865413055563950,4.681976,-74.046132,42,217
868166050723303,4.544087,-74.13893,53,96
201106646805871,4.539962,-74.020398,64,324
865413055695349,4.666835,-74.024714,18,75
868166051641736,4.619909,-74.139431,64,99
836888455731479,4.563561,-74.020425,44,348
352819430747904,4.603601,-74.058287,50,10
934348195846773,4.541509,-74.035865,52,236
856444161773689,4.686865,-74.033982,46,290
868166051947364,4.552102,-74.135857,44,132
544517006942649,4.658759,-74.151722,24,161
949986858515491,4.683019,-74.059832,41,204
479118205364211,4.643472,-74.10779,16,178
456179720524843,4.543878,-74.120077,32,321
192817419559427,4.624108,-74.140972,50,233
865413056638918,4.550385,-74.02425,26,329
926299964535685,4.668422,-74.070321,52,189
869671074488527,4.637362,-74.027876,16,78
759685482138253,4.680439,-74.07267,55,40
625352030696264,4.553052,-74.153988,56,166
868166051687580,4.602299,-74.126628,21,335
816487416228255,4.61668,-74.030998,33,70
934562222337578,4.547044,-74.131148,30,356
865413053317094,4.638015,-74.01578,55,154
048482994985673,4.62034,-74.11059,27,156
865413055562655,4.585397,-74.09417,53,58
673515875422266,4.595777,-74.05582,44,25
604479508064447,4.657107,-74.033741,28,14
865413054881759,4.586736,-74.039256,37,165
071728565202744,4.685331,-74.031128,26,341
914247111923712,4.67662,-74.08021,36,76
304226858571635,4.542204,-74.110247,21,176
874657292958667,4.666097,-74.127362,19,254
383395382067909,4.637515,-74.008277,16,245
865413054736714,4.538561,-74.069955,25,78
865413054847776,4.682569,-74.006715,38,351
152519160265513,4.663068,-74.08281,43,312
868166050712611,4.662939,-74.101726,46,65
864180039359406,4.676213,-74.063937,34,174
871329279531395,4.677083,-74.002853,57,291
864180039298109,4.564763,-74.023396,49,224
865413055492382,4.679688,-74.096221,18,342
506567065659895,4.537379,-74.15487,55,125
578508200948036,4.670739,-74.096359,43,357
218283707010344,4.602784,-74.040361,42,352
792332992155266,4.662697,-74.161474,33,279
864180039299990,4.573397,-74.028523,51,83
552217391952928,4.650488,-74.120097,43,348
897075396994814,4.658462,-74.103166,53,237
865413057185745,4.54266,-74.014441,44,214
000945773200544,4.676016,-74.10189,63,185
868166051044949,4.66047,-74.08524,20,261
865413053511811,4.624984,-74.090725,36,214
869671074359322,4.642979,-74.103684,59,340
865413057070855,4.585041,-74.148715,36,119
864180039359471,4.605,-74.093931,34,317
865413056645848,4.553288,-74.082846,63,334
638911776067124,4.609695,-74.126821,30,346
414051175804668,4.654961,-74.029646,51,64
865413055990112,4.619053,-74.082618,33,158
515215564601237,4.551068,-74.123579,34,283
865413057197013,4.662438,-74.145692,53,108
869671072683996,4.647788,-74.069298,64,190
869671075600914,4.535687,-74.085179,25,186
865413055624448,4.658491,-74.047314,46,333
863238070954450,4.668149,-74.003617,51,39
947970903503886,4.611691,-74.129681,24,224
637109429449119,4.590285,-74.044444,18,82
859144583783137,4.543067,-74.092708,43,166
869671074628304,4.662234,-74.0985,20,213
865413054769970,4.530295,-74.115515,16,124
869671072753757,4.584668,-74.104542,18,342
869671070283799,4.582148,-74.142893,40,84
568893508435833,4.675632,-74.088887,37,160
865413056540692,4.601597,-74.067738,29,237
710773474964932,4.671895,-74.117023,31,331
864035050863563,4.543997,-74.089162,50,123
868166050722735,4.665083,-74.086224,15,210
868166050723626,4.627691,-74.056214,32,152
865413054756795,4.615777,-74.068386,34,61
868166051329274,4.578663,-74.010792,60,214
868166050477892,4.608169,-74.07758,58,52
864035050770727,4.573463,-74.064574,49,272
865413056612574,4.602641,-74.076854,37,140
868166051647204,4.652721,-74.106534,53,166
514010387893199,4.629788,-74.135798,25,334
869671075533024,4.638596,-74.159128,26,299
631393345537019,4.672465,-74.126221,30,303
868166051082485,4.53818,-74.072421,25,9
919719298280335,4.561541,-74.157357,15,72
868166051656833,4.645581,-74.110891,33,309
918548823042576,4.595028,-74.155191,30,292
973921314845231,4.633744,-74.051899,15,145
725373780148172,4.673352,-74.079597,31,334
864035050762534,4.647471,-74.01898,23,171
286352529572356,4.679009,-74.061011,37,325
937985718017288,4.554021,-74.049112,29,346
136672999214987,4.650771,-74.020594,21,68
864035050868679,4.64213,-74.018291,32,265
869671074454149,4.530918,-74.102755,17,227
865413056104515,4.536586,-74.068175,36,66
864035051770643,4.535113,-74.097183,20,356
659691985493303,4.614129,-74.071127,42,154
869671075605566,4.653952,-74.011159,54,91
864035051834100,4.594567,-74.002844,16,347
575499656508404,4.530227,-74.086274,64,164
868166051463297,4.557693,-74.151422,56,11
869671074553205,4.681471,-74.008159,16,2
042019062760301,4.568856,-74.14279,51,143
868166051464923,4.666252,-74.157847,39,348
864035051767458,4.588972,-74.04997,24,154
865413055765662,4.613117,-74.025898,61,25
085090954766258,4.608067,-74.062925,24,107
868166051646586,4.551227,-74.066762,55,138
868166051644482,4.588296,-74.109174,51,334
210291801573628,4.689653,-74.061636,50,15
921581263915816,4.61997,-74.029804,60,56
864035050825430,4.604148,-74.109455,55,240
864035050763565,4.617573,-74.088019,46,134
057195771784485,4.571791,-74.058996,31,355
310115682803649,4.620329,-74.03669,43,196
864035050865576,4.646241,-74.059731,46,159
864035050862631,4.546619,-74.136596,36,106
864035050863464,4.574262,-74.076978,52,119
868307060182698,4.563138,-74.09209,49,104
834521404381839,4.648891,-74.058464,57,82
865413055753882,4.679417,-74.058392,50,267
868166051651578,4.59766,-74.146163,27,133
825512314447571,4.631029,-74.139565,35,103
864035050763136,4.534704,-74.147747,39,132
869671074397793,4.550748,-74.146406,28,251
864035050862474,4.591222,-74.077861,57,249
868166051684546,4.636013,-74.161313,43,299
532464102811119,4.632163,-74.036506,38,292
868307060150174,4.560455,-74.070765,41,187
489394009016855,4.550973,-74.046385,52,180
864035050870139,4.679801,-74.084855,34,31
864035050768341,4.586568,-74.01668,34,270
865413055596695,4.603379,-74.030098,27,322
865413056561169,4.544968,-74.082015,51,246
864035050871301,4.675348,-74.122678,49,278
865413054857320,4.636593,-74.141511,48,203
465311741611262,4.611305,-74.026858,58,189
221614224770199,4.598713,-74.05345,34,15
865413053529136,4.537944,-74.119323,60,36
865413056129843,4.563997,-74.045574,54,66
865413057102104,4.666683,-74.112474,35,323
865413057030081,4.629263,-74.120986,17,191
869671075597060,4.56073,-74.043481,42,252
865413056141426,4.559983,-74.043424,16,86
865413053515374,4.58573,-74.029931,47,258
317260037909221,4.628157,-74.025786,20,183
864035050762567,4.616496,-74.074269,35,165
099827835886696,4.614036,-74.120475,34,42
865413052037230,4.668739,-74.064866,27,359
560629656876966,4.66751,-74.113922,47,204
865413056547887,4.664942,-74.034888,16,35
790586530100322,4.642102,-74.142722,62,121
865413054881619,4.592502,-74.109529,40,177
869671075529600,4.572805,-74.15567,37,33
869671072740192,4.682621,-74.090478,50,336
869671070423908,4.536956,-74.139342,17,350
865413055607476,4.628651,-74.006122,39,260
239068267506921,4.66509,-74.104832,61,172
865413054896914,4.573216,-74.035371,26,306
865413055514193,4.686309,-74.029161,19,173
687864609482111,4.671458,-74.147025,29,179
802209880289571,4.561602,-74.054769,49,326
865413052784971,4.572959,-74.106669,46,306
865413055277494,4.673278,-74.114054,39,16
515868249992080,4.54719,-74.041046,60,20
704235059276098,4.559866,-74.121067,42,168
210713670957780,4.627078,-74.112175,17,352
869671072802968,4.553232,-74.040667,52,337
869671072744558,4.621317,-74.105821,51,71
864035050825299,4.621797,-74.098959,21,80
295334850345635,4.625127,-74.043195,32,43
869671074478577,4.569822,-74.139596,29,130
869671074368018,4.661083,-74.05089,41,70
419680091057103,4.684981,-74.110047,55,346
927835029564522,4.574172,-74.026693,46,139
476305372109338,4.668189,-74.062814,43,159
865413056161812,4.576598,-74.160522,28,49
637613598577162,4.585538,-74.140601,54,320
232853319690840,4.655381,-74.041668,17,359
865413055788474,4.551683,-74.126583,32,329
868166051088078,4.539599,-74.159022,60,198
056451964966814,4.591571,-74.043601,21,265
864035051767003,4.550459,-74.054138,16,148
012203271976041,4.542438,-74.126027,47,355
865413055497100,4.623906,-74.061606,22,44
865413056517625,4.559146,-74.0614,22,235
868307060178282,4.577854,-74.011448,15,153
868166051043115,4.646364,-74.146111,54,15
253701926529881,4.544589,-74.13432,42,145
166933275155564,4.688745,-74.113407,18,24
865413052794269,4.579111,-74.03912,54,315
886851523963069,4.617011,-74.086248,43,343
689287716289930,4.656406,-74.10284,61,283
865413055983802,4.567631,-74.100736,20,117
865413055736440,4.584296,-74.080459,22,299
864035050759852,4.562713,-74.109764,30,218
590409378799554,4.590283,-74.052673,19,246
563056788415249,4.6473,-74.157729,48,109
044151936018752,4.644018,-74.066102,21,142
865413054788954,4.558833,-74.104078,32,251
865413055548340,4.606018,-74.085126,25,178
057408718225169,4.639823,-74.041269,15,2
790948507226375,4.647814,-74.156072,26,239
865413055599798,4.631476,-74.127098,57,116
869671073373977,4.560882,-74.079919,21,31
865413053339213,4.668603,-74.062986,20,201
865413055642085,4.575862,-74.132126,35,163
865413056148660,4.588897,-74.13054,59,124
865413056065963,4.61907,-74.061941,56,163
865413055481104,4.667211,-74.045947,52,88
097672762889814,4.633654,-74.089765,33,288
865413055572720,4.64198,-74.090404,45,40
877379277935480,4.564329,-74.097723,54,167
840996529974613,4.58612,-74.121359,40,311
865413054755920,4.551613,-74.004056,46,260
868307060181146,4.647615,-74.061612,48,146
868166051630465,4.681511,-74.104748,24,289
868166051656809,4.647289,-74.12082,31,208
868166050477876,4.549659,-74.121526,30,53
175415453198383,4.640648,-74.110958,48,243
869671074585660,4.599026,-74.073,52,353
864035050826719,4.544448,-74.068682,15,25
865413056088841,4.689626,-74.055876,60,59
865413056555641,4.64557,-74.157953,58,323
868166050491885,4.6293,-74.069459,20,359
868307060178902,4.669406,-74.068715,55,148
869671072742396,4.581765,-74.014667,18,130
864035051764703,4.636405,-74.124703,21,308
865413053512926,4.604635,-74.154821,20,256
864035050868596,4.549542,-74.010431,16,76
863238070900438,4.616281,-74.071616,44,54
865413057184268,4.630816,-74.145106,23,229
864035051835057,4.60543,-74.109562,21,47
864035050826941,4.549753,-74.099111,49,181
869671074530658,4.541755,-74.038874,15,184
780606351509849,4.636084,-74.119458,44,299
015480902753950,4.663775,-74.009795,44,175
872477439052635,4.677565,-74.070173,22,64
868166050723006,4.59182,-74.146515,52,158
649647922816306,4.679841,-74.080545,58,294
036475345408084,4.660879,-74.068351,61,281
865413055135650,4.597557,-74.00835,26,333
865413055743446,4.594721,-74.015811,16,169
789875206097398,4.583067,-74.011256,16,145
966343273363438,4.540769,-74.058227,19,52
473971414087213,4.531266,-74.058905,51,2
865413057243759,4.56899,-74.05221,52,331
869671074367671,4.570449,-74.153914,32,109
865413055991771,4.646456,-74.119447,62,306
977430762364089,4.554889,-74.121006,16,78
394889326421757,4.640497,-74.036764,53,43
868166050724525,4.646564,-74.134458,20,303
868307060185550,4.603265,-74.042747,16,357
865413056561540,4.548535,-74.094879,20,133
465637299961034,4.644832,-74.1184,21,1
869671074628338,4.675894,-74.017132,35,178
745974804220404,4.588299,-74.113405,60,103
865413055545965,4.651108,-74.037997,24,145
868166051687705,4.648417,-74.040425,40,194
868166050709369,4.538357,-74.101514,57,171
950306098788368,4.538623,-74.109603,36,35
197515069572923,4.637969,-74.161188,47,316
983198009403661,4.662655,-74.087657,61,81
864035051768290,4.677,-74.133328,59,160
865413055222706,4.552376,-74.160007,59,243
265876699993070,4.623052,-74.063222,60,146
865413053841101,4.574838,-74.141659,61,31
911145139253968,4.565342,-74.112751,26,244
967329691313484,4.647852,-74.047446,26,234
937282979836923,4.595821,-74.042544,50,262
072607350270240,4.599741,-74.009434,23,142
789278011777892,4.664814,-74.016451,57,277
864180039299727,4.5679,-74.079327,27,359
868307060184504,4.614245,-74.010467,24,151
606023565519196,4.662144,-74.106979,58,36
767685476958286,4.550812,-74.073665,30,99
921359859002624,4.625099,-74.074674,50,231
789887408840285,4.66366,-74.158186,61,269
864035050874974,4.652024,-74.156087,37,300
252831167821910,4.671227,-74.12366,27,258
007411286124641,4.53492,-74.012743,24,62
809289858224043,4.640343,-74.017066,34,39
868166051638203,4.56234,-74.059896,54,192
248155523216616,4.618833,-74.1511,35,53
864035051765841,4.653675,-74.009346,53,202
336403442949286,4.596941,-74.151178,64,1
868166053501409,4.642383,-74.080838,44,181
864035051957281,4.664176,-74.062477,47,172
380436597534623,4.681025,-74.048194,26,151
865413055975402,4.616925,-74.013668,38,29
864035051828888,4.580286,-74.106773,48,105
868307060185956,4.592114,-74.101896,28,96
864035050764944,4.668206,-74.074795,59,145
865413054748990,4.568161,-74.121843,34,8
740633971232064,4.671032,-74.074081,59,299
836214762065453,4.538964,-74.106077,27,99
917661574605425,4.685122,-74.013062,46,192
868166051471415,4.548767,-74.112472,34,145
869671074558642,4.671052,-74.060312,36,133
865413054858500,4.616233,-74.100069,30,68
865413056645178,4.619522,-74.004006,49,71
864180039301382,4.686615,-74.019067,34,227
869671073672360,4.681928,-74.110867,47,71
869671074445410,4.657487,-74.160847,22,331
869671074387257,4.633963,-74.114355,17,87
865413055726862,4.638142,-74.082767,18,188
864035050767954,4.551065,-74.107939,38,191
865413056161473,4.604495,-74.056378,34,208
865413055522527,4.598377,-74.108685,33,256
864180039359398,4.546015,-74.109231,15,192
650122069215767,4.531523,-74.018405,45,89
291717308907283,4.532313,-74.115225,16,320
864035050861302,4.647705,-74.067005,55,173
868166050721034,4.601303,-74.078486,49,324
865413057110008,4.608202,-74.120322,30,30
379928179888941,4.570279,-74.137782,20,89
869671074384775,4.616244,-74.105067,26,185
021429604553038,4.550063,-74.110739,34,331
865413057167164,4.555878,-74.104218,58,248
869671072739699,4.660533,-74.031702,52,226
869671073378380,4.534099,-74.076376,38,120
868166051658243,4.676272,-74.005939,16,337
868307060176005,4.58382,-74.113382,55,201
868166051159135,4.678855,-74.122057,31,98
032468696097048,4.539902,-74.154728,35,120
049799788711125,4.579742,-74.023711,52,24
745093787454276,4.624617,-74.085288,43,277
868166051041994,4.679759,-74.114432,51,281
865413055602022,4.544111,-74.157283,35,35
864035050770412,4.659181,-74.062085,63,276
044998579106587,4.627794,-74.114002,16,355
782991648859050,4.632111,-74.057562,21,294
781626337087891,4.688479,-74.143835,18,92
286113329139527,4.581083,-74.078874,54,15
868166053499208,4.58734,-74.139834,30,116
865413056111379,4.615447,-74.057089,63,36
865413052792784,4.629723,-74.043932,60,178
722649459890761,4.579589,-74.033536,47,29
649467616450456,4.642722,-74.034826,32,123
430443209120478,4.54285,-74.021294,29,144
976313322541621,4.560879,-74.023873,33,170
865413053515440,4.53183,-74.032128,42,250
705654982063952,4.649649,-74.121834,29,201
865413055609886,4.681374,-74.021663,48,200
731141792659094,4.652704,-74.08403,55,330
869671074426618,4.557369,-74.140116,25,313
239135667215468,4.575127,-74.032207,39,57
739134279466689,4.637099,-74.03207,31,242
865413055788037,4.579221,-74.091612,34,103
337623019822991,4.594801,-74.047577,21,74
868166051474468,4.570639,-74.144484,27,278
869671072802430,4.615186,-74.142294,47,128
918235874135547,4.668826,-74.09802,35,320
868166051082238,4.568061,-74.123879,40,157
864180039301895,4.614436,-74.023324,22,39
081407559251029,4.636111,-74.02342,20,203
744894789598866,4.530762,-74.139359,33,44
822904793883967,4.570186,-74.111994,28,302
068929147411150,4.620473,-74.089659,50,186
991832675896168,4.661742,-74.142021,35,263
863001984524243,4.566184,-74.142643,21,36
864035050830042,4.673526,-74.085803,46,86
831295249760399,4.66164,-74.06461,20,197
633582077652800,4.592762,-74.13477,28,318
589415619344491,4.659866,-74.137207,54,73
777623852938869,4.66559,-74.049804,36,223
868166050711241,4.574776,-74.015087,18,57
713727907346007,4.548134,-74.16155,18,90
869671073679696,4.545857,-74.039328,51,78
869671073680793,4.67063,-74.15999,23,231
864180039301713,4.608814,-74.0112,60,59
864035051768845,4.637142,-74.106185,17,179
869671072744921,4.592119,-74.038636,33,311
869671072677568,4.65455,-74.078142,27,48
864035050825687,4.661584,-74.10282,49,317
864035050947861,4.672516,-74.099916,43,298
869671074412691,4.632393,-74.05207,60,288
868166051636611,4.672449,-74.020474,52,4
865413055112493,4.668406,-74.032436,16,35
868166051482065,4.573173,-74.106607,33,251
869671074558105,4.623878,-74.039772,37,348
865413055114952,4.571655,-74.134643,58,150
865413057135286,4.631761,-74.161604,21,29
864035050829002,4.673254,-74.051487,30,232
865413053504659,4.607012,-74.148283,33,111
869671074359173,4.66164,-74.097154,56,359
725469945686625,4.532447,-74.030717,51,2
578202834458329,4.668453,-74.100215,31,351
868166051329167,4.680783,-74.153304,26,82
865413053519707,4.579855,-74.158878,24,30
272704563474277,4.643253,-74.016609,60,81
215217750739923,4.660787,-74.030633,59,9
787276784845609,4.549593,-74.057112,50,95
864035051957141,4.596021,-74.160394,55,345
868166050724145,4.562763,-74.039472,23,85
314840492226741,4.649159,-74.092577,59,155
427192066514589,4.594656,-74.148466,39,59
864035050824763,4.529732,-74.04086,27,89
864035051767177,4.571731,-74.050771,60,244
868166051687770,4.562238,-74.127739,63,263
932790937076312,4.541673,-74.109805,24,328
864035050870782,4.614641,-74.007864,33,5
918477389077588,4.583621,-74.143148,41,128
864591221043675,4.564739,-74.031236,33,282
864035050768945,4.679577,-74.057638,17,307
720768679897778,4.581515,-74.125834,40,338
086322747283708,4.550142,-74.070665,34,219
865413055517931,4.613419,-74.069626,46,130
978722370384395,4.672484,-74.154227,43,53
815101596594813,4.654183,-74.051579,50,40
548256380097987,4.55342,-74.153595,15,211
076524272409507,4.577547,-74.071963,34,222
299743766469642,4.567657,-74.15475,43,21
428858329306877,4.678132,-74.035821,24,65
864180039301424,4.574396,-74.006859,47,190
387622973898459,4.556811,-74.150876,57,16
868166050708528,4.602529,-74.021176,26,137
490980775633431,4.627595,-74.036293,36,71
730190669077105,4.555072,-74.096051,29,184
864035050763375,4.533632,-74.134061,46,80
869671075609543,4.544872,-74.043033,60,210
319670572053961,4.633862,-74.044163,28,95
898931963955316,4.555862,-74.055556,45,39
869671072760976,4.571125,-74.111827,40,167
868166053121893,4.637825,-74.089044,48,76
865413055575764,4.669128,-74.15978,45,356
865413055548274,4.682137,-74.107682,24,332
865413053303433,4.591083,-74.08375,22,349
651471349769047,4.565929,-74.120519,29,241
869671074367457,4.647971,-74.071602,38,235
865413055744576,4.643698,-74.118916,59,43
864035050830158,4.685618,-74.058057,57,267
165580067895526,4.545372,-74.069057,15,213
374001471768578,4.670213,-74.023515,41,194
869671072700105,4.557816,-74.130652,51,332
147530835190851,4.649284,-74.040256,17,143
078822833206562,4.688978,-74.021896,33,121
651559468867590,4.566795,-74.155018,43,174
865413055226962,4.648459,-74.09498,62,232
865413055112923,4.653575,-74.106146,24,20
451968791366257,4.574663,-74.158137,17,141
380446848076456,4.677107,-74.038098,35,325
015235705389125,4.540856,-74.021191,31,316
950735953847945,4.566331,-74.039214,24,266
488384656134953,4.576843,-74.045811,56,352
865413055686033,4.544119,-74.105085,49,310
865413055165939,4.56895,-74.12257,50,54
865413056146839,4.655656,-74.082224,49,75
865413057260753,4.572467,-74.14565,42,37
864035051764398,4.610769,-74.059484,48,51
868166053499893,4.551367,-74.064144,26,122
869671072470006,4.62438,-74.017403,61,121
865413053503883,4.627449,-74.016756,63,235
865413055716673,4.564632,-74.007171,42,226
868166051651859,4.541654,-74.150842,15,324
869671074476274,4.641996,-74.045754,42,281
864035051963685,4.63106,-74.11161,40,22
869671074436609,4.60687,-74.044849,61,345
864035051957091,4.672978,-74.072128,56,255
865413056639882,4.686073,-74.004612,31,89
869671072797986,4.646893,-74.086197,44,89
812877197324915,4.683674,-74.142755,64,72
690546829760914,4.553253,-74.061259,29,246
865413056584716,4.555237,-74.091252,30,76
869671072794157,4.689561,-74.10868,17,104
865413057263369,4.589956,-74.065004,59,259
864035051764216,4.619224,-74.026026,58,128
864035051831189,4.680867,-74.12294,35,111
865413053330824,4.626346,-74.053797,20,160
865413056562373,4.668917,-74.044116,53,237
184244291390138,4.642877,-74.007715,23,219
869671074484534,4.66665,-74.127068,41,316
334268246849285,4.604958,-74.079502,50,204
865413056040404,4.681611,-74.049673,30,214
367263754369735,4.549752,-74.15391,63,297
864035051761832,4.658937,-74.022543,17,248
755605657162239,4.567357,-74.10718,22,150
869671075532968,4.62872,-74.053629,27,13
864035051827740,4.653912,-74.097078,38,272
869671075633352,4.64187,-74.018099,51,293
864035050764753,4.600047,-74.032617,48,91
637211167101330,4.678566,-74.08697,22,152
116185601130206,4.555603,-74.009981,29,6
865476579631215,4.644911,-74.038695,22,83
725602721516182,4.570219,-74.092495,18,169
236945911405555,4.639784,-74.019848,22,62
483705619366206,4.560209,-74.077077,38,149
869671072819152,4.537355,-74.072276,28,309
240919701521297,4.655277,-74.144196,40,197
236494441054799,4.660501,-74.018798,62,186
445682925018994,4.555699,-74.099026,15,141
954948917040780,4.658846,-74.0849,26,91
469375119361780,4.582197,-74.003708,15,353
865413056578247,4.621094,-74.029629,49,129
826311661803257,4.626011,-74.143322,60,12
554084325184533,4.675891,-74.038008,49,192
865413055568850,4.620947,-74.124063,21,336
868166051649093,4.668743,-74.13524,19,73
254702094717331,4.597153,-74.030476,23,272
865413053302740,4.634218,-74.075779,31,104
895780867781309,4.560345,-74.08625,63,30
869671074568948,4.643664,-74.144425,52,354
249409450914894,4.678151,-74.146665,35,242
369543957375425,4.598058,-74.097648,32,136
005509028619307,4.633276,-74.011217,22,37
865413055979370,4.616798,-74.126608,28,252
442975202935234,4.53203,-74.046421,16,358
518019377360081,4.674955,-74.076142,38,13
305864311353677,4.659196,-74.073419,15,172
642056042963872,4.596188,-74.009565,34,2
582407836011448,4.544265,-74.024158,64,168
320092682107305,4.585965,-74.025849,63,138
865413056153777,4.613813,-74.153442,39,263
869671074388206,4.568778,-74.003632,40,321
868166051085314,4.662911,-74.010687,52,9
865413053523386,4.576986,-74.144351,15,175
868166053501706,4.562499,-74.073671,49,259
772787847234471,4.557368,-74.157519,61,322
531947308909076,4.645913,-74.144693,63,194
865413055726060,4.61717,-74.023016,46,131
736903003904477,4.641066,-74.154863,39,173
868166051154243,4.576165,-74.120377,40,190
864035050770743,4.59371,-74.083089,31,18
868307060186517,4.673007,-74.119957,20,258
864035050824458,4.582574,-74.012356,19,247
868307060146503,4.674182,-74.10985,15,260
868166051639979,4.684316,-74.047395,52,29
868166050464577,4.532835,-74.03803,33,348
868307060144979,4.608787,-74.153936,24,190
868307060175189,4.629239,-74.100157,38,304
864035051764497,4.53171,-74.130283,54,225
868166050722495,4.585736,-74.120702,43,309
868307060174810,4.534197,-74.095982,25,214
868166050705383,4.628349,-74.152845,37,29
868307060150638,4.603815,-74.063829,34,21
869671074376011,4.571776,-74.131088,42,16
532720691591887,4.654124,-74.1482,36,11
203653778052457,4.616576,-74.090386,38,163
868166051655587,4.582898,-74.107273,41,113
208336430855203,4.679358,-74.005754,42,227
864035050872952,4.685843,-74.033605,47,105
869671074618065,4.558894,-74.118487,55,272
156085425996215,4.686253,-74.067103,19,334
799956381890597,4.623727,-74.076206,34,357
868166051662039,4.669767,-74.132192,30,85
634525855776977,4.57635,-74.039407,30,358
381165951702513,4.537167,-74.049629,64,100
971480393262984,4.531724,-74.141273,62,258
869671074442417,4.598659,-74.04578,38,84
192870166137053,4.530438,-74.061165,40,75
865413056000887,4.600987,-74.160184,44,184
241121132455786,4.648745,-74.153492,59,257
747378568783060,4.636643,-74.074186,25,224
568765511386965,4.646823,-74.147232,49,85
981538841365416,4.624843,-74.064632,25,266
804755665213150,4.682348,-74.134093,15,194
865413057034968,4.568126,-74.051841,30,74
961166513414231,4.674322,-74.102577,19,196
787233453575355,4.686787,-74.043114,18,55
868307060181203,4.530278,-74.131098,56,270
297908929741235,4.598692,-74.057193,58,214
396171669334311,4.637882,-74.006141,17,22
220605023895535,4.628036,-74.083534,21,50
865413056062168,4.687989,-74.117083,58,250
868166051647303,4.635369,-74.111374,63,45
160823936739698,4.628501,-74.131354,48,98
868166051638633,4.677923,-74.070042,42,308
820397167282159,4.674048,-74.079644,51,38
371832901881117,4.66318,-74.073766,46,283
868307060177086,4.59489,-74.052415,25,251
868166050437896,4.64131,-74.158884,52,323
868166051651453,4.68267,-74.141607,32,215
704126066369689,4.568092,-74.127612,43,76
868307060152204,4.607787,-74.160651,48,144
701076753340787,4.650921,-74.132068,17,9
867232052902146,4.625352,-74.026475,46,313
868166050717933,4.65511,-74.057757,49,57
868166051652881,4.571952,-74.135969,39,78
864035050764449,4.550642,-74.156044,43,317
864035050762393,4.605104,-74.121856,32,246
868166053497640,4.63608,-74.047608,52,199
864035050869339,4.625317,-74.090391,60,202
868166051684967,4.627418,-74.07607,43,131
864035051766922,4.544536,-74.076054,15,43
864180039298059,4.608321,-74.124054,26,89
868166051648293,4.562104,-74.134748,24,168
864035050948075,4.643418,-74.13647,53,235
867232052911485,4.619057,-74.007469,57,148
864035050867457,4.625834,-74.011427,38,11
484876320113614,4.625001,-74.042109,36,306
988265383479438,4.578704,-74.058187,28,357
864035050951418,4.543049,-74.125755,64,306
834398396001190,4.595804,-74.143064,16,69
864035050761734,4.577349,-74.01222,49,335
864035050762989,4.620863,-74.116848,51,191
864035050824706,4.565412,-74.131442,62,111
541014265493368,4.565502,-74.013788,19,99
758678974054295,4.581735,-74.136749,19,359
565553140924486,4.557442,-74.114061,47,289
868307060150992,4.594032,-74.133252,26,128
868166051639037,4.661553,-74.159384,44,204
864035050830240,4.666031,-74.132296,41,204
868166053501995,4.54703,-74.089077,18,36
869671074527969,4.582627,-74.076838,41,304
869671072679630,4.627824,-74.1349,57,245
865413056629131,4.566022,-74.047088,58,150
865413056137234,4.676826,-74.076068,47,87
868166053120085,4.642771,-74.065663,37,98
865413057122532,4.564956,-74.110659,26,2
865413055577224,4.546779,-74.12997,29,19
868166051654374,4.541514,-74.034279,48,254
867232052912814,4.559786,-74.105263,31,101
864180039358093,4.592998,-74.078247,54,14
865413055795578,4.649836,-74.043112,17,44
865413055609845,4.55227,-74.021697,57,68
163850680761955,4.535544,-74.08999,28,315
868166053501755,4.672382,-74.006155,26,59
149683686780888,4.58337,-74.07733,55,92
449398450241762,4.582568,-74.034774,30,119
939152095115908,4.613727,-74.149413,28,26
865413055661739,4.596883,-74.146888,17,143
868166051637338,4.576947,-74.063462,59,317
868166051644508,4.644203,-74.100091,23,257
868166051945368,4.656457,-74.039505,44,144
976361190268496,4.661915,-74.070261,23,200
865413053523063,4.652915,-74.062885,17,263
573620421017890,4.640178,-74.134942,57,263
868166051632362,4.560592,-74.073466,31,173
864035050764217,4.646774,-74.074598,22,330
868166051646271,4.573664,-74.043747,23,354
430334869518384,4.645201,-74.049254,44,125
868307060147048,4.545368,-74.062089,60,318
