"id","name","uniqueid","lastupdate","positionid","groupid","attributes","phone","model","contact","category","disabled","status","expirationtime","motionstate","motiontime","motiondistance","overspeedstate","overspeedtime","overspeedgeofenceid","motionstreak","calendarid","motionpositionid"
114806,GMV632,"864035051767888",,,,{},,,,,false,,,false,,0.0,false,,0,false,,
115026,FZU585,"868307060151032",,,,{},,,,,false,,,false,,0.0,false,,0,false,,
62797,FGH123,"12345678901234567809",,,,{},,,,,false,,,false,,0.0,false,,0,false,,
115028,GWO659,"868307060152121",,,,{},,,,,false,,,false,,0.0,false,,0,false,,
31823,ZLS783,"043110761274170",2026-04-08 23:49:08.066,506172638,320,{},,,,,false,offline ,,true,,0.0,false,,0,true,,
42758,QXB580,"500439231104402",2026-04-01 21:35:07.667,355235845,429,{},,,,,false,offline ,,true,,0.0,false,,0,true,,
115029,JDX565,"864035050869909",,,,{},,,,,false,,,false,,0.0,false,,0,false,,
115039,LKW940,"868307060151123",,,,{},,,,,false,,,false,,0.0,false,,0,false,,
40926,DHM504,"614363362357212",2026-04-01 21:35:14.836,355237625,411,{},,,,,false,offline ,,true,,0.0,false,,0,true,,
25617,CNQ658,"494644643535147",2026-04-08 23:49:07.989,506172301,257,{},,,,,false,offline ,,true,,0.0,false,,0,true,,
115041,UCS766,"868166053124525",,,,{},,,,,false,,,false,,0.0,false,,0,false,,
62798,JKL125,"123456789012345",,,,{},,,,,false,,,false,,0.0,false,,0,false,,
115042,KFY692,"864035050861435",,,,{},,,,,false,,,false,,0.0,false,,0,false,,
115077,IDX641,"868307060149028",,,,{},,,,,false,,,false,,0.0,false,,0,false,,
37684,DJG712,"002691088770320",2026-04-08 23:49:08.084,506172705,378,{},,,,,false,offline ,,true,,0.0,false,,0,true,,
47736,VLP571,"235822120969500",2026-04-01 21:35:54.287,355244112,479,{},,,,,false,offline ,,true,,0.0,false,,0,true,,
115487,JEV131,"868307060176377",,,,{},,,,,false,,,false,,0.0,false,,0,false,,
37703,QMT008,"038442447161134",2026-04-08 23:49:08.080,506172693,379,{},,,,,false,offline ,,true,,0.0,false,,0,true,,
115509,UCO065,"864035051763069",,,,{},,,,,false,,,false,,0.0,false,,0,false,,
46479,JPQ479,"897407360559903",2026-04-01 21:35:56.253,355244357,466,{},,,,,false,offline ,,true,,0.0,false,,0,true,,
115563,GLX999,"864035051634070",,,,{},,,,,false,,,false,,0.0,false,,0,false,,
62898,prueba,kksc572,,,640,{},,,,,false,,,false,,0.0,false,,0,false,,
37761,SGV553,"301830216241790",2026-04-08 23:49:08.104,506172751,379,{},,,,,false,offline ,,true,,0.0,false,,0,true,,
37753,KNZ466,"482139923604337",2026-04-08 23:49:08.091,506172726,379,{},,,,,false,offline ,,true,,0.0,false,,0,true,,
46430,JGR036,"242006350421132",2026-04-01 21:35:58.115,355244546,466,{},,,,,false,offline ,,true,,0.0,false,,0,true,,
115687,BHP670,"864035051763325",,,,{},,,,,false,,,false,,0.0,false,,0,false,,
37746,SQZ135,"798180344064403",2026-04-08 23:49:08.097,506172742,379,{},,,,,false,offline ,,true,,0.0,false,,0,true,,
31868,GSP251,"470800492211895",2026-04-08 23:49:08.076,506172680,320,{},,,,,false,offline ,,true,,0.0,false,,0,true,,
115733,KCW577,"868166050585751",,,,{},,,,,false,,,false,,0.0,false,,0,false,,
31816,XCH110,"409320126965184",2026-04-08 23:49:08.071,506172663,320,{},,,,,false,offline ,,true,,0.0,false,,0,true,,
115830,IWQ445,"864035050828657",,,,{},,,,,false,,,false,,0.0,false,,0,false,,
115883,JIO403,"868166051661502",,,,{},,,,,false,,,false,,0.0,false,,0,false,,
55961,ZMG927,"329967097412799",2026-04-01 20:41:49.507,354927168,561,{},,,,,false,offline ,,true,,0.0,false,,0,true,,
116019,EBT887,"868166050587468",,,,{},,,,,false,,,false,,0.0,false,,0,false,,
116035,GXZ750,"868307060185972",,,,{},,,,,false,,,false,,0.0,false,,0,false,,
116258,IXY499,"868166050587260",,,,{},,,,,false,,,false,,0.0,false,,0,false,,
42445,WVJ393,"918135786663034",2026-04-01 21:35:05.316,355234791,426,{},,,,,false,offline ,,true,,0.0,false,,0,true,,
42429,PNX236,"453843329776053",2026-04-01 21:35:27.061,355240232,426,{},,,,,false,offline ,,true,,0.0,false,,0,true,,
114349,FYT406,"863238070919834",,,,{},,,,,false,,,false,,0.0,false,,0,false,,
114350,JVU858,"869671075561686",,,,{},,,,,false,,,false,,0.0,false,,0,false,,
114351,LTU592,"865413057194903",,,,{},,,,,false,,,false,,0.0,false,,0,false,,
114352,MSK456,"869671075930477",,,,{},,,,,false,,,false,,0.0,false,,0,false,,
114354,FUQ070,"869671075612877",,,,{},,,,,false,,,false,,0.0,false,,0,false,,
114355,FRT432,"869671075594059",,,,{},,,,,false,,,false,,0.0,false,,0,false,,
114359,FYV068,"869671075917938",,,,{},,,,,false,,,false,,0.0,false,,0,false,,
114361,JVQ878,"869671073375907",,,,{},,,,,false,,,false,,0.0,false,,0,false,,
114362,LVX640,"869671077065876",,,,{},,,,,false,,,false,,0.0,false,,0,false,,
114363,GPX591,"869671075596617",,,,{},,,,,false,,,false,,0.0,false,,0,false,,
51651,CHD784,"672179745650282",2026-04-01 20:40:55.231,354895201,518,{},,,,,false,offline ,,true,,0.0,false,,0,true,,
114366,KSN177,"869671075632479",,,,{},,,,,false,,,false,,0.0,false,,0,false,,
114371,FVS266,"869671073343939",,,,{},,,,,false,,,false,,0.0,false,,0,false,,
114372,MPN006,"865413057276346",,,,{},,,,,false,,,false,,0.0,false,,0,false,,
114374,UUO071,"869671073380410",,,,{},,,,,false,,,false,,0.0,false,,0,false,,
55931,BTG281,"056501529989857",2026-04-01 20:41:16.468,354907871,561,{},,,,,false,offline ,,true,,0.0,false,,0,true,,
55910,WFX263,"679743049291060",2026-04-01 20:41:38.883,354919823,561,{},,,,,false,offline ,,true,,0.0,false,,0,true,,
114375,MIV757,"869671073363382",,,,{},,,,,false,,,false,,0.0,false,,0,false,,
114378,LGP210,"869671075522464",,,,{},,,,,false,,,false,,0.0,false,,0,false,,
114379,FQM764,"863238070957776",,,,{},,,,,false,,,false,,0.0,false,,0,false,,
46462,XHX611,"917007907595091",2026-04-01 21:35:51.319,355243711,466,{},,,,,false,offline ,,true,,0.0,false,,0,true,,
114380,FOX715,"869671075631752",,,,{},,,,,false,,,false,,0.0,false,,0,false,,
114381,JJQ477,"869671075565760",,,,{},,,,,false,,,false,,0.0,false,,0,false,,
114382,LGX967,"869671075671493",,,,{},,,,,false,,,false,,0.0,false,,0,false,,
114384,NMP327,"863238070764032",,,,{},,,,,false,,,false,,0.0,false,,0,false,,
58236,QYL705,"749823138508495",2026-04-01 20:42:00.966,354933384,584,{},,,,,false,offline ,,true,,0.0,false,,0,true,,
56380,CTM596,"365390137431817",2026-04-01 20:41:33.269,354916931,565,{},,,,,false,offline ,,true,,0.0,false,,0,true,,
114385,RHR691,"863238070957685",,,,{},,,,,false,,,false,,0.0,false,,0,false,,
55918,YYK873,"879385987780767",2026-04-01 20:41:40.203,354920550,561,{},,,,,false,offline ,,true,,0.0,false,,0,true,,
58230,PBL943,"191087483744070",2026-04-01 20:41:05.359,354901613,584,{},,,,,false,offline ,,true,,0.0,false,,0,true,,
114387,JWY658,"869671070334683",,,,{},,,,,false,,,false,,0.0,false,,0,false,,
114389,NNO188,"869671070334956",,,,{},,,,,false,,,false,,0.0,false,,0,false,,
114392,LOY824,"863238070903929",,,,{},,,,,false,,,false,,0.0,false,,0,false,,
114393,LRK550,"863238070903846",,,,{},,,,,false,,,false,,0.0,false,,0,false,,
114396,RKN186,"869671075632776",,,,{},,,,,false,,,false,,0.0,false,,0,false,,
114397,ZZO835,"869671075938124",,,,{},,,,,false,,,false,,0.0,false,,0,false,,
114399,HKY296,"869671075605046",,,,{},,,,,false,,,false,,0.0,false,,0,false,,
114403,GVM101,"865413057627001",,,,{},,,,,false,,,false,,0.0,false,,0,false,,
114408,FXP538,"869671070365117",,,,{},,,,,false,,,false,,0.0,false,,0,false,,
114409,LLW006,"869671075985224",,,,{},,,,,false,,,false,,0.0,false,,0,false,,
11757,HLG415,"568085899946185",2026-04-08 23:49:24.405,506197232,118,{},,,,,false,offline ,,true,,0.0,false,,0,true,,
114412,GYQ643,"863238071005435",,,,{},,,,,false,,,false,,0.0,false,,0,false,,
114415,MCO118,"863238073626667",,,,{},,,,,false,,,false,,0.0,false,,0,false,,
25779,RYK926,"091617433159242",2026-04-08 23:49:08.147,506172810,258,{},,,,,false,offline ,,true,,0.0,false,,0,true,,
114418,FPK351,"863238070900685",,,,{},,,,,false,,,false,,0.0,false,,0,false,,
25784,DML668,"017662765610272",2026-04-08 23:49:08.152,506172817,258,{},,,,,false,offline ,,true,,0.0,false,,0,true,,
114421,FUP130,"869671075942779",,,,{},,,,,false,,,false,,0.0,false,,0,false,,
25798,XLY492,"430975607380857",2026-04-08 23:49:08.163,506172831,258,{},,,,,false,offline ,,true,,0.0,false,,0,true,,
114426,GBR816,"863238070752565",,,,{},,,,,false,,,false,,0.0,false,,0,false,,
17720,KVJ999,"367844629586585",2026-04-08 23:49:24.413,506197263,178,{},,,,,false,offline ,,true,,0.0,false,,0,true,,
114428,URT726,"869671073346239",,,,{},,,,,false,,,false,,0.0,false,,0,false,,
114432,JDV174,"869671075961738",,,,{},,,,,false,,,false,,0.0,false,,0,false,,
19732,HTR300,"166862661543994",2026-04-08 23:49:08.003,506172357,198,{},,,,,false,offline ,,true,,0.0,false,,0,true,,
114433,HTM566,"869671073386672",,,,{},,,,,false,,,false,,0.0,false,,0,false,,
58766,PDN693,"773578203707419",2026-04-01 20:41:56.561,354931719,589,{},,,,,false,offline ,,true,,0.0,false,,0,true,,
51683,VTD788,"200320317319986",2026-04-01 20:40:44.215,354884193,518,{},,,,,false,offline ,,true,,0.0,false,,0,true,,
19689,LJM487,"839929100047676",2026-04-08 23:49:08.017,506172425,197,{},,,,,false,offline ,,true,,0.0,false,,0,true,,
19684,FTM372,"249787420508338",2026-04-08 23:49:08.008,506172391,197,{},,,,,false,offline ,,true,,0.0,false,,0,true,,
114434,KCX418,"869671073384164",,,,{},,,,,false,,,false,,0.0,false,,0,false,,
114437,HCU851,"863238070753548",,,,{},,,,,false,,,false,,0.0,false,,0,false,,
114438,JXL992,"869671075631521",,,,{},,,,,false,,,false,,0.0,false,,0,false,,
19671,PQQ371,"076213242279519",2026-04-08 23:49:08.029,506172490,197,{},,,,,false,offline ,,true,,0.0,false,,0,true,,
114439,DWN846,"865413055977457",,,,{},,,,,false,,,false,,0.0,false,,0,false,,
11726,DLZ474,"359206435532825",2026-04-08 23:49:24.403,506197219,118,{},,,,,false,offline ,,true,,0.0,false,,0,true,,
114445,LTU106,"869671073319863",,,,{},,,,,false,,,false,,0.0,false,,0,false,,
114457,EFK549,"863238070972536",,,,{},,,,,false,,,false,,0.0,false,,0,false,,
114458,ZZR344,"869671077200341",,,,{},,,,,false,,,false,,0.0,false,,0,false,,
114461,FZX344,"863238073396311",,,,{},,,,,false,,,false,,0.0,false,,0,false,,
114463,LEY263,"869671073368175",,,,{},,,,,false,,,false,,0.0,false,,0,false,,
11705,GDQ634,"578011048639347",2026-04-08 23:49:24.396,506197192,118,{},,,,,false,offline ,,true,,0.0,false,,0,true,,
114466,KWW186,"869671077219036",,,,{},,,,,false,,,false,,0.0,false,,0,false,,
45305,MWW836,"201491152611073",2026-04-01 21:35:51.854,355243785,455,{},,,,,false,offline ,,true,,0.0,false,,0,true,,
45594,VYY973,"456008518947595",2026-04-01 21:35:53.966,355244068,458,{},,,,,false,offline ,,true,,0.0,false,,0,true,,
114468,LQU154,"869671074361039",,,,{},,,,,false,,,false,,0.0,false,,0,false,,
114469,UEK470,"869671075530483",,,,{},,,,,false,,,false,,0.0,false,,0,false,,
11693,TGQ416,"596134979127625",2026-04-08 23:49:24.401,506197206,117,{},,,,,false,offline ,,true,,0.0,false,,0,true,,
114472,INV587,"869671075967164",,,,{},,,,,false,,,false,,0.0,false,,0,false,,
11772,ZFW121,"613995170018907",2026-04-08 23:49:24.408,506197241,118,{},,,,,false,offline ,,true,,0.0,false,,0,true,,
114473,LOQ866,"865413057032079",,,,{},,,,,false,,,false,,0.0,false,,0,false,,
19660,MPR523,"894166688435773",2026-04-08 23:49:08.024,506172463,197,{},,,,,false,offline ,,true,,0.0,false,,0,true,,
114474,JSX470,"863238073712244",,,,{},,,,,false,,,false,,0.0,false,,0,false,,
114477,GMX952,"865413057657305",,,,{},,,,,false,,,false,,0.0,false,,0,false,,
44139,DKL613,"838509128573233",2026-04-01 21:35:29.198,355240548,443,{},,,,,false,offline ,,true,,0.0,false,,0,true,,
45383,DXZ716,"984861303284041",2026-04-01 21:35:40.672,355242289,455,{},,,,,false,offline ,,true,,0.0,false,,0,true,,
31769,MRF261,"749673198181109",2026-04-08 23:49:08.157,506172825,319,{},,,,,false,offline ,,true,,0.0,false,,0,true,,
13773,KNX832,"248678807559211",2026-04-08 23:49:07.998,506172335,138,{},,,,,false,offline ,,true,,0.0,false,,0,true,,
114478,RHL819,"869671075671048",,,,{},,,,,false,,,false,,0.0,false,,0,false,,
43386,NFT505,"014392863429549",2026-04-01 21:35:37.267,355241830,435,{},,,,,false,offline ,,true,,0.0,false,,0,true,,
114480,NDV320,"869671075924702",,,,{},,,,,false,,,false,,0.0,false,,0,false,,
114482,PFW730,"869671075873388",,,,{},,,,,false,,,false,,0.0,false,,0,false,,
114486,LTU811,"865413056004210",,,,{},,,,,false,,,false,,0.0,false,,0,false,,
114487,GPQ605,"865413055976418",,,,{},,,,,false,,,false,,0.0,false,,0,false,,
114488,MAY842,"869671074450808",,,,{},,,,,false,,,false,,0.0,false,,0,false,,
114489,KZY637,"865413056049231",,,,{},,,,,false,,,false,,0.0,false,,0,false,,
114490,LNN481,"869671074559400",,,,{},,,,,false,,,false,,0.0,false,,0,false,,
114491,NSM777,"865413056004392",,,,{},,,,,false,,,false,,0.0,false,,0,false,,
114492,DON300,"869671074529338",,,,{},,,,,false,,,false,,0.0,false,,0,false,,
114493,JDR323,"865413055987662",,,,{},,,,,false,,,false,,0.0,false,,0,false,,
114494,EFL714,"869671074440056",,,,{},,,,,false,,,false,,0.0,false,,0,false,,
43830,XKV064,"051930209901004",2026-04-01 21:35:35.851,355241644,440,{},,,,,false,offline ,,true,,0.0,false,,0,true,,
114495,LSW506,"865413056578049",,,,{},,,,,false,,,false,,0.0,false,,0,false,,
114496,JSQ053,"869671074463736",,,,{},,,,,false,,,false,,0.0,false,,0,false,,
114497,INX712,"865413057163171",,,,{},,,,,false,,,false,,0.0,false,,0,false,,
114498,KOW726,"869671074364025",,,,{},,,,,false,,,false,,0.0,false,,0,false,,
114499,HDW495,"869671074601939",,,,{},,,,,false,,,false,,0.0,false,,0,false,,
114500,NXW264,"869671074397611",,,,{},,,,,false,,,false,,0.0,false,,0,false,,
114501,DWP399,"869671075521680",,,,{},,,,,false,,,false,,0.0,false,,0,false,,
43020,CXZ959,"107096693986952",2026-04-01 21:35:09.705,355236443,432,{},,,,,false,offline ,,true,,0.0,false,,0,true,,
114502,NUL501,"869671075904522",,,,{},,,,,false,,,false,,0.0,false,,0,false,,
114505,FZW854,"865413057079211",,,,{},,,,,false,,,false,,0.0,false,,0,false,,
114506,IFU362,"869671074620533",,,,{},,,,,false,,,false,,0.0,false,,0,false,,
114515,EFU181,"863238073769871",,,,{},,,,,false,,,false,,0.0,false,,0,false,,
114517,LOQ520,"869671075545028",,,,{},,,,,false,,,false,,0.0,false,,0,false,,
114522,FWY924,"869671077241741",,,,{},,,,,false,,,false,,0.0,false,,0,false,,
114527,LRO555,"863238070740875",,,,{},,,,,false,,,false,,0.0,false,,0,false,,
114530,KZP524,"863238070971348",,,,{},,,,,false,,,false,,0.0,false,,0,false,,
114531,LVX207,"869671075520096",,,,{},,,,,false,,,false,,0.0,false,,0,false,,
114534,PGR596,"865413057653056",,,,{},,,,,false,,,false,,0.0,false,,0,false,,
114540,ELQ691,"869671077183497",,,,{},,,,,false,,,false,,0.0,false,,0,false,,
114544,GYY634,"869671075655231",,,,{},,,,,false,,,false,,0.0,false,,0,false,,
11763,CWB202,"524964121675510",2026-04-08 23:49:24.413,506197265,118,{},,,,,false,offline ,,true,,0.0,false,,0,true,,
114551,KWV384,"863238070899739",,,,{},,,,,false,,,false,,0.0,false,,0,false,,
11787,NBG616,"624686442509305",2026-04-08 23:49:24.417,506197279,118,{},,,,,false,offline ,,true,,0.0,false,,0,true,,
114554,LOX554,"869671075553147",,,,{},,,,,false,,,false,,0.0,false,,0,false,,
114568,NXX918,"869671075546752",,,,{},,,,,false,,,false,,0.0,false,,0,false,,
114569,JJT623,"869671073358358",,,,{},,,,,false,,,false,,0.0,false,,0,false,,
114570,MJY502,"869671073335919",,,,{},,,,,false,,,false,,0.0,false,,0,false,,
114575,KPU930,"863238070736980",,,,{},,,,,false,,,false,,0.0,false,,0,false,,
114578,JNN308,"869671077211694",,,,{},,,,,false,,,false,,0.0,false,,0,false,,
114581,URP753,"869671077075040",,,,{},,,,,false,,,false,,0.0,false,,0,false,,
114584,ZZW721,"869671075554525",,,,{},,,,,false,,,false,,0.0,false,,0,false,,
114596,NCM672,"869671074414226",,,,{},,,,,false,,,false,,0.0,false,,0,false,,
114597,NJZ273,"869671072804824",,,,{},,,,,false,,,false,,0.0,false,,0,false,,
114609,LMP838,"865413056012700",,,,{},,,,,false,,,false,,0.0,false,,0,false,,
114612,NMP874,"865413055977689",,,,{},,,,,false,,,false,,0.0,false,,0,false,,
11648,ZVH036,"353842121405532",2026-04-08 23:49:24.401,506197207,117,{},,,,,false,offline ,,true,,0.0,false,,0,true,,
11653,JTB547,"560615753760641",2026-04-08 23:49:24.403,506197221,117,{},,,,,false,offline ,,true,,0.0,false,,0,true,,
114626,EPL942,"869671077210662",,,,{},,,,,false,,,false,,0.0,false,,0,false,,
114628,KNY876,"869671075587848",,,,{},,,,,false,,,false,,0.0,false,,0,false,,
37937,JHK651,"118797044285062",2026-04-08 23:49:08.002,506172340,381,{},,,,,false,offline ,,true,,0.0,false,,0,true,,
37944,YRH267,"715364809208933",2026-04-08 23:49:07.999,506172330,381,{},,,,,false,offline ,,true,,0.0,false,,0,true,,
114633,HTU345,"869671077220919",,,,{},,,,,false,,,false,,0.0,false,,0,false,,
114644,LCZ891,"863238073611420",,,,{},,,,,false,,,false,,0.0,false,,0,false,,
114647,FJO241,"869671070390644",,,,{},,,,,false,,,false,,0.0,false,,0,false,,
26052,HHW336,"208973584661233",2026-04-08 23:49:08.430,506173461,261,{},,,,,false,offline ,,true,,0.0,false,,0,true,,
114648,IGO571,"865413057651381",,,,{},,,,,false,,,false,,0.0,false,,0,false,,
17690,NCY238,"847674752070028",2026-04-08 23:49:24.420,506197297,177,{},,,,,false,offline ,,true,,0.0,false,,0,true,,
114653,TL4235,"863238077143420",,,,{},,,,,false,,,false,,0.0,false,,0,false,,
114660,TOS083,"863238078115393",,,,{},,,,,false,,,false,,0.0,false,,0,false,,
114664,EIP048,"863238078155738",,,,{},,,,,false,,,false,,0.0,false,,0,false,,
114686,PSX449,"863238077112201",,,,{},,,,,false,,,false,,0.0,false,,0,false,,
11709,CXB295,"881067939469352",2026-04-08 23:49:24.408,506197240,118,{},,,,,false,offline ,,true,,0.0,false,,0,true,,
11699,RGL084,"232555838823394",2026-04-08 23:49:24.405,506197229,117,{},,,,,false,offline ,,true,,0.0,false,,0,true,,
114691,RMW577,"863238077152306",,,,{},,,,,false,,,false,,0.0,false,,0,false,,
114705,RGQ668,"864035051958800",,,,{},,,,,false,,,false,,0.0,false,,0,false,,
114725,JST718,"863238070764669",,,,{},,,,,false,,,false,,0.0,false,,0,false,,
8132,QJT477,"395285102165487",2026-05-09 02:04:32.057,510749511,82,{},,,,,false,offline ,,false,,0.0,false,,0,false,,
114730,PMT347,"869671075520856",,,,{},,,,,false,,,false,,0.0,false,,0,false,,
38007,HLN330,"326830650885517",2026-04-08 23:49:08.007,506172365,382,{},,,,,false,offline ,,true,,0.0,false,,0,true,,
52724,JKN701,"181968007984288",2026-04-01 20:41:06.655,354902342,529,{},,,,,false,offline ,,true,,0.0,false,,0,true,,
14079,RFB433,"773586879240623",2026-04-08 23:49:08.339,506173084,141,{},,,,,false,offline ,,true,,0.0,false,,0,true,,
8162,NSZ514,"780786853744910",2026-05-09 02:04:32.621,510749533,82,{},,,,,false,offline ,,false,,0.0,false,,0,false,,
