ID;CreatedAt;UpdatedAt;DeletedAt;protocol;deviceId;serverTime;deviceTime;fixTime;valid;latitude;longitude;altitude;speed;course;address;attributes;accuracy;network;geofenceIds
110;2025-09-06T08:30:00Z;2025-09-06T08:45:00Z;;GPS;1;2025-09-06T08:29:55Z;2025-09-06T08:29:50Z;2025-09-06T08:29:45Z;true;1.65070;-1.08470;2600.0;45.0;180.0;"Calle 26, Bogotá, Colombia";"{\"satellites\":10,\"hdop\":0.9}";5.0;"{\"operator\":\"Claro\",\"signal\":-70}";"101,102,103"
111;2025-09-06T08:30:01Z;2025-09-06T08:45:01Z;;GPS;2;2025-09-06T08:29:56Z;2025-09-06T08:29:51Z;2025-09-06T08:29:46Z;true;2.65170;-2.08570;2601.0;46.1;185.0;"Calle 26, Bogotá, Colombia";"{\"satellites\":10,\"hdop\":0.9}";5.0;"{\"operator\":\"Claro\",\"signal\":-70}";"101,102,103"
112;2025-09-06T08:30:02Z;2025-09-06T08:45:02Z;;GPS;3;2025-09-06T08:29:57Z;2025-09-06T08:29:52Z;2025-09-06T08:29:47Z;true;3.65270;-3.08670;2602.0;47.2;190.0;"Avenida El Dorado, Bogotá, Colombia";"{\"satellites\":10,\"hdop\":0.9}";5.0;"{\"operator\":\"Claro\",\"signal\":-70}";"101,102,103"
113;2025-09-06T08:30:03Z;2025-09-06T08:45:03Z;;GPS;4;2025-09-06T08:29:58Z;2025-09-06T08:29:53Z;2025-09-06T08:29:48Z;true;4.65370;-4.08770;2603.0;48.3;195.0;"Avenida El Dorado, Bogotá, Colombia";"{\"satellites\":10,\"hdop\":0.9}";5.0;"{\"operator\":\"Claro\",\"signal\":-70}";"101,102,103"
114;2025-09-06T08:30:04Z;2025-09-06T08:45:04Z;;GPS;5;2025-09-06T08:29:59Z;2025-09-06T08:29:54Z;2025-09-06T08:29:49Z;true;5.65470;-5.08870;2604.0;49.4;200.0;"Carrera 68, Bogotá, Colombia";"{\"satellites\":10,\"hdop\":0.9}";5.0;"{\"operator\":\"Claro\",\"signal\":-70}";"101,102,103"
115;2025-09-06T08:30:05Z;2025-09-06T08:45:05Z;;GPS;6;2025-09-06T08:30:00Z;2025-09-06T08:29:55Z;2025-09-06T08:29:50Z;true;6.65570;-6.08970;2605.0;50.5;205.0;"Carrera 68, Bogotá, Colombia";"{\"satellites\":10,\"hdop\":0.9}";5.0;"{\"operator\":\"Claro\",\"signal\":-70}";"101,102,103"
116;2025-09-06T08:30:06Z;2025-09-06T08:45:06Z;;GPS;7;2025-09-06T08:30:01Z;2025-09-06T08:29:56Z;2025-09-06T08:29:51Z;true;7.65670;-7.09070;2606.0;51.6;210.0;"Av. Boyacá, Bogotá, Colombia";"{\"satellites\":10,\"hdop\":0.9}";5.0;"{\"operator\":\"Claro\",\"signal\":-70}";"101,102,103"
117;2025-09-06T08:30:07Z;2025-09-06T08:45:07Z;;GPS;8;2025-09-06T08:30:02Z;2025-09-06T08:29:57Z;2025-09-06T08:29:52Z;true;8.65770;-8.09170;2607.0;52.7;215.0;"Av. Boyacá, Bogotá, Colombia";"{\"satellites\":10,\"hdop\":0.9}";5.0;"{\"operator\":\"Claro\",\"signal\":-70}";"101,102,103"
108;2025-09-06T08:30:08Z;2025-09-06T08:45:08Z;;GPS;9;2025-09-06T08:30:03Z;2025-09-06T08:29:58Z;2025-09-06T08:29:53Z;true;9.65870;-9.09270;2608.0;53.8;220.0;"Engativá, Bogotá, Colombia";"{\"satellites\":10,\"hdop\":0.9}";5.0;"{\"operator\":\"Claro\",\"signal\":-70}";"101,102,103"
109;2025-09-06T08:30:09Z;2025-09-06T08:45:09Z;;GPS;10;2025-09-06T08:30:04Z;2025-09-06T08:29:59Z;2025-09-06T08:29:54Z;true;0.65970;-10.09370;2609.0;54.9;225.0;"Engativá, Bogotá, Colombia";"{\"satellites\":10,\"hdop\":0.9}";5.0;"{\"operator\":\"Claro\",\"signal\":-70}";"101,102,103"
110;2025-09-06T08:30:00Z;2025-09-06T08:45:00Z;;GPS;11;2025-09-06T08:29:55Z;2025-09-06T08:29:50Z;2025-09-06T08:29:45Z;true;1.65070;-1.08470;2600.0;45.0;180.0;"Calle 26, Bogotá, Colombia";"{\"satellites\":10,\"hdop\":0.9}";5.0;"{\"operator\":\"Claro\",\"signal\":-70}";"101,102,103"
111;2025-09-06T08:30:01Z;2025-09-06T08:45:01Z;;GPS;12;2025-09-06T08:29:56Z;2025-09-06T08:29:51Z;2025-09-06T08:29:46Z;true;2.65170;-2.08570;2601.0;46.1;185.0;"Calle 26, Bogotá, Colombia";"{\"satellites\":10,\"hdop\":0.9}";5.0;"{\"operator\":\"Claro\",\"signal\":-70}";"101,102,103"
112;2025-09-06T08:30:02Z;2025-09-06T08:45:02Z;;GPS;13;2025-09-06T08:29:57Z;2025-09-06T08:29:52Z;2025-09-06T08:29:47Z;true;3.65270;-3.08670;2602.0;47.2;190.0;"Avenida El Dorado, Bogotá, Colombia";"{\"satellites\":10,\"hdop\":0.9}";5.0;"{\"operator\":\"Claro\",\"signal\":-70}";"101,102,103"
113;2025-09-06T08:30:03Z;2025-09-06T08:45:03Z;;GPS;14;2025-09-06T08:29:58Z;2025-09-06T08:29:53Z;2025-09-06T08:29:48Z;true;4.65370;-4.08770;2603.0;48.3;195.0;"Avenida El Dorado, Bogotá, Colombia";"{\"satellites\":10,\"hdop\":0.9}";5.0;"{\"operator\":\"Claro\",\"signal\":-70}";"101,102,103"
114;2025-09-06T08:30:04Z;2025-09-06T08:45:04Z;;GPS;15;2025-09-06T08:29:59Z;2025-09-06T08:29:54Z;2025-09-06T08:29:49Z;true;5.65470;-5.08870;2604.0;49.4;200.0;"Carrera 68, Bogotá, Colombia";"{\"satellites\":10,\"hdop\":0.9}";5.0;"{\"operator\":\"Claro\",\"signal\":-70}";"101,102,103"
115;2025-09-06T08:30:05Z;2025-09-06T08:45:05Z;;GPS;16;2025-09-06T08:30:00Z;2025-09-06T08:29:55Z;2025-09-06T08:29:50Z;true;6.65570;-6.08970;2605.0;50.5;205.0;"Carrera 68, Bogotá, Colombia";"{\"satellites\":10,\"hdop\":0.9}";5.0;"{\"operator\":\"Claro\",\"signal\":-70}";"101,102,103"
116;2025-09-06T08:30:06Z;2025-09-06T08:45:06Z;;GPS;17;2025-09-06T08:30:01Z;2025-09-06T08:29:56Z;2025-09-06T08:29:51Z;true;7.65670;-7.09070;2606.0;51.6;210.0;"Av. Boyacá, Bogotá, Colombia";"{\"satellites\":10,\"hdop\":0.9}";5.0;"{\"operator\":\"Claro\",\"signal\":-70}";"101,102,103"
117;2025-09-06T08:30:07Z;2025-09-06T08:45:07Z;;GPS;18;2025-09-06T08:30:02Z;2025-09-06T08:29:57Z;2025-09-06T08:29:52Z;true;8.65770;-8.09170;2607.0;52.7;215.0;"Av. Boyacá, Bogotá, Colombia";"{\"satellites\":10,\"hdop\":0.9}";5.0;"{\"operator\":\"Claro\",\"signal\":-70}";"101,102,103"
108;2025-09-06T08:30:08Z;2025-09-06T08:45:08Z;;GPS;19;2025-09-06T08:30:03Z;2025-09-06T08:29:58Z;2025-09-06T08:29:53Z;true;9.65870;-9.09270;2608.0;53.8;220.0;"Engativá, Bogotá, Colombia";"{\"satellites\":10,\"hdop\":0.9}";5.0;"{\"operator\":\"Claro\",\"signal\":-70}";"101,102,103"
109;2025-09-06T08:30:09Z;2025-09-06T08:45:09Z;;GPS;20;2025-09-06T08:30:04Z;2025-09-06T08:29:59Z;2025-09-06T08:29:54Z;true;0.65970;-10.09370;2609.0;54.9;225.0;"Engativá, Bogotá, Colombia";"{\"satellites\":10,\"hdop\":0.9}";5.0;"{\"operator\":\"Claro\",\"signal\":-70}";"101,102,103"
110;2025-09-06T08:30:00Z;2025-09-06T08:45:00Z;;GPS;21;2025-09-06T08:29:55Z;2025-09-06T08:29:50Z;2025-09-06T08:29:45Z;true;1.65070;-1.08470;2600.0;45.0;180.0;"Calle 26, Bogotá, Colombia";"{\"satellites\":10,\"hdop\":0.9}";5.0;"{\"operator\":\"Claro\",\"signal\":-70}";"101,102,103"
111;2025-09-06T08:30:01Z;2025-09-06T08:45:01Z;;GPS;22;2025-09-06T08:29:56Z;2025-09-06T08:29:51Z;2025-09-06T08:29:46Z;true;2.65170;-2.08570;2601.0;46.1;185.0;"Calle 26, Bogotá, Colombia";"{\"satellites\":10,\"hdop\":0.9}";5.0;"{\"operator\":\"Claro\",\"signal\":-70}";"101,102,103"
112;2025-09-06T08:30:02Z;2025-09-06T08:45:02Z;;GPS;23;2025-09-06T08:29:57Z;2025-09-06T08:29:52Z;2025-09-06T08:29:47Z;true;3.65270;-3.08670;2602.0;47.2;190.0;"Avenida El Dorado, Bogotá, Colombia";"{\"satellites\":10,\"hdop\":0.9}";5.0;"{\"operator\":\"Claro\",\"signal\":-70}";"101,102,103"
113;2025-09-06T08:30:03Z;2025-09-06T08:45:03Z;;GPS;24;2025-09-06T08:29:58Z;2025-09-06T08:29:53Z;2025-09-06T08:29:48Z;true;4.65370;-4.08770;2603.0;48.3;195.0;"Avenida El Dorado, Bogotá, Colombia";"{\"satellites\":10,\"hdop\":0.9}";5.0;"{\"operator\":\"Claro\",\"signal\":-70}";"101,102,103"
114;2025-09-06T08:30:04Z;2025-09-06T08:45:04Z;;GPS;25;2025-09-06T08:29:59Z;2025-09-06T08:29:54Z;2025-09-06T08:29:49Z;true;5.65470;-5.08870;2604.0;49.4;200.0;"Carrera 68, Bogotá, Colombia";"{\"satellites\":10,\"hdop\":0.9}";5.0;"{\"operator\":\"Claro\",\"signal\":-70}";"101,102,103"
115;2025-09-06T08:30:05Z;2025-09-06T08:45:05Z;;GPS;26;2025-09-06T08:30:00Z;2025-09-06T08:29:55Z;2025-09-06T08:29:50Z;true;6.65570;-6.08970;2605.0;50.5;205.0;"Carrera 68, Bogotá, Colombia";"{\"satellites\":10,\"hdop\":0.9}";5.0;"{\"operator\":\"Claro\",\"signal\":-70}";"101,102,103"
116;2025-09-06T08:30:06Z;2025-09-06T08:45:06Z;;GPS;27;2025-09-06T08:30:01Z;2025-09-06T08:29:56Z;2025-09-06T08:29:51Z;true;7.65670;-7.09070;2606.0;51.6;210.0;"Av. Boyacá, Bogotá, Colombia";"{\"satellites\":10,\"hdop\":0.9}";5.0;"{\"operator\":\"Claro\",\"signal\":-70}";"101,102,103"
117;2025-09-06T08:30:07Z;2025-09-06T08:45:07Z;;GPS;28;2025-09-06T08:30:02Z;2025-09-06T08:29:57Z;2025-09-06T08:29:52Z;true;8.65770;-8.09170;2607.0;52.7;215.0;"Av. Boyacá, Bogotá, Colombia";"{\"satellites\":10,\"hdop\":0.9}";5.0;"{\"operator\":\"Claro\",\"signal\":-70}";"101,102,103"
108;2025-09-06T08:30:08Z;2025-09-06T08:45:08Z;;GPS;29;2025-09-06T08:30:03Z;2025-09-06T08:29:58Z;2025-09-06T08:29:53Z;true;9.65870;-9.09270;2608.0;53.8;220.0;"Engativá, Bogotá, Colombia";"{\"satellites\":10,\"hdop\":0.9}";5.0;"{\"operator\":\"Claro\",\"signal\":-70}";"101,102,103"
109;2025-09-06T08:30:09Z;2025-09-06T08:45:09Z;;GPS;30;2025-09-06T08:30:04Z;2025-09-06T08:29:59Z;2025-09-06T08:29:54Z;true;0.65970;-10.09370;2609.0;54.9;225.0;"Engativá, Bogotá, Colombia";"{\"satellites\":10,\"hdop\":0.9}";5.0;"{\"operator\":\"Claro\",\"signal\":-70}";"101,102,103"
110;2025-09-06T08:30:00Z;2025-09-06T08:45:00Z;;GPS;31;2025-09-06T08:29:55Z;2025-09-06T08:29:50Z;2025-09-06T08:29:45Z;true;1.65070;-1.08470;2600.0;45.0;180.0;"Calle 26, Bogotá, Colombia";"{\"satellites\":10,\"hdop\":0.9}";5.0;"{\"operator\":\"Claro\",\"signal\":-70}";"101,102,103"
111;2025-09-06T08:30:01Z;2025-09-06T08:45:01Z;;GPS;32;2025-09-06T08:29:56Z;2025-09-06T08:29:51Z;2025-09-06T08:29:46Z;true;2.65170;-2.08570;2601.0;46.1;185.0;"Calle 26, Bogotá, Colombia";"{\"satellites\":10,\"hdop\":0.9}";5.0;"{\"operator\":\"Claro\",\"signal\":-70}";"101,102,103"
112;2025-09-06T08:30:02Z;2025-09-06T08:45:02Z;;GPS;33;2025-09-06T08:29:57Z;2025-09-06T08:29:52Z;2025-09-06T08:29:47Z;true;3.65270;-3.08670;2602.0;47.2;190.0;"Avenida El Dorado, Bogotá, Colombia";"{\"satellites\":10,\"hdop\":0.9}";5.0;"{\"operator\":\"Claro\",\"signal\":-70}";"101,102,103"
113;2025-09-06T08:30:03Z;2025-09-06T08:45:03Z;;GPS;34;2025-09-06T08:29:58Z;2025-09-06T08:29:53Z;2025-09-06T08:29:48Z;true;4.65370;-4.08770;2603.0;48.3;195.0;"Avenida El Dorado, Bogotá, Colombia";"{\"satellites\":10,\"hdop\":0.9}";5.0;"{\"operator\":\"Claro\",\"signal\":-70}";"101,102,103"
114;2025-09-06T08:30:04Z;2025-09-06T08:45:04Z;;GPS;35;2025-09-06T08:29:59Z;2025-09-06T08:29:54Z;2025-09-06T08:29:49Z;true;5.65470;-5.08870;2604.0;49.4;200.0;"Carrera 68, Bogotá, Colombia";"{\"satellites\":10,\"hdop\":0.9}";5.0;"{\"operator\":\"Claro\",\"signal\":-70}";"101,102,103"
115;2025-09-06T08:30:05Z;2025-09-06T08:45:05Z;;GPS;36;2025-09-06T08:30:00Z;2025-09-06T08:29:55Z;2025-09-06T08:29:50Z;true;6.65570;-6.08970;2605.0;50.5;205.0;"Carrera 68, Bogotá, Colombia";"{\"satellites\":10,\"hdop\":0.9}";5.0;"{\"operator\":\"Claro\",\"signal\":-70}";"101,102,103"
116;2025-09-06T08:30:06Z;2025-09-06T08:45:06Z;;GPS;37;2025-09-06T08:30:01Z;2025-09-06T08:29:56Z;2025-09-06T08:29:51Z;true;7.65670;-7.09070;2606.0;51.6;210.0;"Av. Boyacá, Bogotá, Colombia";"{\"satellites\":10,\"hdop\":0.9}";5.0;"{\"operator\":\"Claro\",\"signal\":-70}";"101,102,103"
117;2025-09-06T08:30:07Z;2025-09-06T08:45:07Z;;GPS;38;2025-09-06T08:30:02Z;2025-09-06T08:29:57Z;2025-09-06T08:29:52Z;true;8.65770;-8.09170;2607.0;52.7;215.0;"Av. Boyacá, Bogotá, Colombia";"{\"satellites\":10,\"hdop\":0.9}";5.0;"{\"operator\":\"Claro\",\"signal\":-70}";"101,102,103"
108;2025-09-06T08:30:08Z;2025-09-06T08:45:08Z;;GPS;39;2025-09-06T08:30:03Z;2025-09-06T08:29:58Z;2025-09-06T08:29:53Z;true;9.65870;-9.09270;2608.0;53.8;220.0;"Engativá, Bogotá, Colombia";"{\"satellites\":10,\"hdop\":0.9}";5.0;"{\"operator\":\"Claro\",\"signal\":-70}";"101,102,103"
109;2025-09-06T08:30:09Z;2025-09-06T08:45:09Z;;GPS;40;2025-09-06T08:30:04Z;2025-09-06T08:29:59Z;2025-09-06T08:29:54Z;true;0.65970;-10.09370;2609.0;54.9;225.0;"Engativá, Bogotá, Colombia";"{\"satellites\":10,\"hdop\":0.9}";5.0;"{\"operator\":\"Claro\",\"signal\":-70}";"101,102,103"
110;2025-09-06T08:30:00Z;2025-09-06T08:45:00Z;;GPS;41;2025-09-06T08:29:55Z;2025-09-06T08:29:50Z;2025-09-06T08:29:45Z;true;1.65070;-1.08470;2600.0;45.0;180.0;"Calle 26, Bogotá, Colombia";"{\"satellites\":10,\"hdop\":0.9}";5.0;"{\"operator\":\"Claro\",\"signal\":-70}";"101,102,103"
111;2025-09-06T08:30:01Z;2025-09-06T08:45:01Z;;GPS;42;2025-09-06T08:29:56Z;2025-09-06T08:29:51Z;2025-09-06T08:29:46Z;true;2.65170;-2.08570;2601.0;46.1;185.0;"Calle 26, Bogotá, Colombia";"{\"satellites\":10,\"hdop\":0.9}";5.0;"{\"operator\":\"Claro\",\"signal\":-70}";"101,102,103"
112;2025-09-06T08:30:02Z;2025-09-06T08:45:02Z;;GPS;43;2025-09-06T08:29:57Z;2025-09-06T08:29:52Z;2025-09-06T08:29:47Z;true;3.65270;-3.08670;2602.0;47.2;190.0;"Avenida El Dorado, Bogotá, Colombia";"{\"satellites\":10,\"hdop\":0.9}";5.0;"{\"operator\":\"Claro\",\"signal\":-70}";"101,102,103"
113;2025-09-06T08:30:03Z;2025-09-06T08:45:03Z;;GPS;44;2025-09-06T08:29:58Z;2025-09-06T08:29:53Z;2025-09-06T08:29:48Z;true;4.65370;-4.08770;2603.0;48.3;195.0;"Avenida El Dorado, Bogotá, Colombia";"{\"satellites\":10,\"hdop\":0.9}";5.0;"{\"operator\":\"Claro\",\"signal\":-70}";"101,102,103"
114;2025-09-06T08:30:04Z;2025-09-06T08:45:04Z;;GPS;45;2025-09-06T08:29:59Z;2025-09-06T08:29:54Z;2025-09-06T08:29:49Z;true;5.65470;-5.08870;2604.0;49.4;200.0;"Carrera 68, Bogotá, Colombia";"{\"satellites\":10,\"hdop\":0.9}";5.0;"{\"operator\":\"Claro\",\"signal\":-70}";"101,102,103"
115;2025-09-06T08:30:05Z;2025-09-06T08:45:05Z;;GPS;46;2025-09-06T08:30:00Z;2025-09-06T08:29:55Z;2025-09-06T08:29:50Z;true;6.65570;-6.08970;2605.0;50.5;205.0;"Carrera 68, Bogotá, Colombia";"{\"satellites\":10,\"hdop\":0.9}";5.0;"{\"operator\":\"Claro\",\"signal\":-70}";"101,102,103"
116;2025-09-06T08:30:06Z;2025-09-06T08:45:06Z;;GPS;47;2025-09-06T08:30:01Z;2025-09-06T08:29:56Z;2025-09-06T08:29:51Z;true;7.65670;-7.09070;2606.0;51.6;210.0;"Av. Boyacá, Bogotá, Colombia";"{\"satellites\":10,\"hdop\":0.9}";5.0;"{\"operator\":\"Claro\",\"signal\":-70}";"101,102,103"
117;2025-09-06T08:30:07Z;2025-09-06T08:45:07Z;;GPS;48;2025-09-06T08:30:02Z;2025-09-06T08:29:57Z;2025-09-06T08:29:52Z;true;8.65770;-8.09170;2607.0;52.7;215.0;"Av. Boyacá, Bogotá, Colombia";"{\"satellites\":10,\"hdop\":0.9}";5.0;"{\"operator\":\"Claro\",\"signal\":-70}";"101,102,103"
108;2025-09-06T08:30:08Z;2025-09-06T08:45:08Z;;GPS;49;2025-09-06T08:30:03Z;2025-09-06T08:29:58Z;2025-09-06T08:29:53Z;true;9.65870;-9.09270;2608.0;53.8;220.0;"Engativá, Bogotá, Colombia";"{\"satellites\":10,\"hdop\":0.9}";5.0;"{\"operator\":\"Claro\",\"signal\":-70}";"101,102,103"
109;2025-09-06T08:30:09Z;2025-09-06T08:45:09Z;;GPS;50;2025-09-06T08:30:04Z;2025-09-06T08:29:59Z;2025-09-06T08:29:54Z;true;0.65970;-10.09370;2609.0;54.9;225.0;"Engativá, Bogotá, Colombia";"{\"satellites\":10,\"hdop\":0.9}";5.0;"{\"operator\":\"Claro\",\"signal\":-70}";"101,102,103"